Draw,Objective value,Solver converged,Initial top policy,Cumulative top policy,Affordability-oriented cumulative effort share,All seven final shortfalls below initial,Final mean remaining shortfall,Final affordability mean shortfall,Final nutrition mean shortfall,Final environmental mean shortfall,Environmental policy cumulative effort
1,107.60811580562705,True,Infrastructure investment,Infrastructure investment,0.8854109216256109,True,0.08276628342556772,0.17965918123051994,0.1027670107694364,0.007255799989530666,2.3670744030489232
2,94.5897491477074,True,Social protection policy,Infrastructure investment,0.8421994140377476,True,0.10953888724064911,0.2813863001534852,0.10131980702450905,0.0006799981642776759,3.9266268977393173
3,115.96802748689745,True,Infrastructure investment,Infrastructure investment,0.892576379926846,True,0.051008429744178574,0.06711781933803929,0.07361793242160197,0.03779375234498374,2.785762807073492
4,61.969888110930064,True,Infrastructure investment,Infrastructure investment,0.8766773442363073,True,0.019206723412299734,0.0294050990363961,0.025491565389262172,0.012326867517390802,2.136087532711804
5,105.20063436001513,True,Social protection policy,Infrastructure investment,0.8332555193352716,True,0.10906577296624323,0.11130085817607871,0.24272017185940464,0.02770917534636795,3.720597679952117
6,80.97639856285718,True,Social protection policy,Infrastructure investment,0.7211003609159771,True,0.07961082693945418,0.1873061731342982,0.0786254427276758,0.01270627842611563,5.405299477035755
7,77.16604253836928,True,Social protection policy,Infrastructure investment,0.8934439660836023,True,0.06446021740691656,0.10855040468270183,0.08333221344959396,0.03372814279191215,1.9675172723986105
8,93.46081894852821,True,Social protection policy,Infrastructure investment,0.7798340392192983,True,0.06287989514448379,0.19306922511673474,0.026117981996795714,0.000892425892162832,5.6519714794149944
9,93.1650154982773,True,Social protection policy,Infrastructure investment,0.8809742073901398,True,0.027752601168986677,0.04004438887458084,0.007440706336803271,0.049649008880069255,2.5453161020484467
10,70.66287091915012,True,Social protection policy,Social protection policy,0.8396031137052546,True,0.056755845597983065,0.14782139549578777,0.03926706312139655,0.011557000975756418,2.93303762831413
11,86.1443606705061,True,Infrastructure investment,Infrastructure investment,0.8054011487725643,True,0.04360834600081712,0.06885826554706864,0.07268244268464735,0.01108850277114392,3.7600589322236293
12,87.07396848893293,True,Social protection policy,Social protection policy,0.905179459432954,True,0.08894583701305118,0.14790396419436114,0.11796249266107173,0.04544397269024629,1.8549851796656849
13,87.91374395978876,True,Infrastructure investment,Infrastructure investment,0.7960986318534349,True,0.04317106287479372,0.02382604236778796,0.10924391987860271,0.018028757815387347,3.7351713316940227
14,84.97700868265343,True,Infrastructure investment,Infrastructure investment,0.8327516304804674,True,0.04904359760642203,0.09843644480335512,0.05743096807628134,0.01578517874284066,3.5752348189481262
15,102.02094699476208,True,Social protection policy,Infrastructure investment,0.7885662801803566,True,0.14046432751302376,0.24043847840581456,0.23981584438444736,0.011370823505321231,4.853797859154225
16,84.6822717070526,True,Social protection policy,Infrastructure investment,0.7963681124700457,True,0.04030726044743592,0.08330190650277497,0.04059877815986973,0.01717472690338101,3.8392175405370517
17,72.56981365332167,True,Social protection policy,Social protection policy,0.852847603743114,True,0.050969227329739054,0.11472468965157079,0.041601325028088276,0.02206628097442761,2.404740523429333
18,70.26936846706253,True,Social protection policy,Infrastructure investment,0.7656872346982324,True,0.05080117240848003,0.05929966523624819,0.07780800105074659,0.040696437142685324,3.50980200734511
19,120.27171971928931,True,Social protection policy,Infrastructure investment,0.7675202124203383,True,0.04837096478255861,0.11165194828273572,0.033890434249425394,0.02375599420679403,5.948414305735734
20,58.63618135762525,True,Social protection policy,Infrastructure investment,0.8539739190031941,True,0.02098964138189933,0.035593534567732954,0.026393287157061907,0.011476923111852812,2.4538359292339575
21,77.36420845017166,True,Social protection policy,Social protection policy,0.8311036143973273,True,0.04483143884034351,0.12933747136327767,0.017114655396222977,0.010457909181701641,3.5162191480861957
22,73.2249048688939,True,Environmental and research-oriented policy,Social protection policy,0.6839065978542453,True,0.10858299158922122,0.19165347677061115,0.184812033758898,0.0035749600327650843,5.70491366790762
23,78.98824691041607,True,Social protection policy,Social protection policy,0.7732410012653796,True,0.07285818866686032,0.16584746081799712,0.07472110888200523,0.01443509063400876,3.94744434326254
24,136.1179278329292,True,Infrastructure investment,Infrastructure investment,0.8680565779447147,True,0.09488612087182566,0.12361890268564557,0.1951253220715099,0.013357198294234346,2.681438913462898
25,72.34776076883416,True,Social protection policy,Infrastructure investment,0.7796256541858961,True,0.04350419728886295,0.06376757151992529,0.0787012991613133,0.009795819829781713,3.8035350587926864
26,84.29253260890928,True,Social protection policy,Infrastructure investment,0.8310837166142117,True,0.029074059737005612,0.04482437577602738,0.04117138520440028,0.015763448099091984,3.2139164369091713
27,57.5500737166483,True,Social protection policy,Social protection policy,0.8446696194804874,True,0.025636289261927465,0.0503734027040601,0.011149877640571737,0.028203732072114296,2.646998764354861
28,102.65454124998666,True,Social protection policy,Social protection policy,0.7752094196323979,True,0.14771513166037661,0.2904636189675544,0.20126274041769032,0.02527660142607338,4.518648619325048
29,74.69674748463066,True,Social protection policy,Social protection policy,0.7842744324907975,True,0.06840449516401173,0.16855774285844077,0.034166306026440996,0.0366916841891593,4.17601414134638
30,75.92883244420237,True,Social protection policy,Social protection policy,0.9128852528983358,True,0.07622173887019364,0.20963252030134738,0.039233652292434806,0.017909913451895493,1.7145392457916342
31,75.05669538876596,True,Social protection policy,Social protection policy,0.7716200856449569,True,0.04547886827902226,0.07729546030691187,0.07391181315000894,0.007968765519657105,3.7787700854344055
32,87.11430489435321,True,Social protection policy,Infrastructure investment,0.851524535787819,True,0.10168232196801948,0.298494089165644,0.048206197578761434,0.009187840143662716,3.151350283753275
33,99.04341044510663,True,Infrastructure investment,Infrastructure investment,0.8299991273911927,True,0.044698430946080295,0.02545139146941483,0.10760984654117989,0.023383270300686335,3.5992853315221964
34,99.50572523406467,True,Infrastructure investment,Infrastructure investment,0.7199878291666,True,0.035607407143025335,0.08587189737224155,0.01822863316871015,0.02052539445963697,6.869640403394875
35,84.7662564465634,True,Infrastructure investment,Infrastructure investment,0.7741966859147792,True,0.04095335190530632,0.03338554730126109,0.10623561670903492,0.003715567658276117,4.91676035541085
36,80.86607489566732,True,Infrastructure investment,Infrastructure investment,0.7527403504620594,True,0.04347156709042526,0.028551536720559545,0.08103109327760061,0.042567854818328255,3.970591446559551
37,106.06216227651367,True,Social protection policy,Infrastructure investment,0.8683162829745124,True,0.03344865845591978,0.0988889808331439,0.0,0.018181323762575335,3.424500569404737
38,133.15486120860533,True,Social protection policy,Infrastructure investment,0.8683545178678848,True,0.0652802186567262,0.1278598376462336,0.07418585711252773,0.026435070539780406,2.8094231160943712
39,116.08958191195441,True,Social protection policy,Social protection policy,0.8256297796759637,True,0.03994399001169915,0.0783864668242919,0.05136048960371564,0.010057008612939476,3.828809894201708
40,71.14608946029495,True,Social protection policy,Social protection policy,0.7686858159535155,True,0.05536408201794269,0.07848670690709036,0.110886917890332,0.004400662265377053,5.044924280096167
41,95.81052451583682,True,Infrastructure investment,Infrastructure investment,0.8046787482973987,True,0.043505392443481665,0.0758549206806351,0.06361674972390108,0.01279720314764965,4.172235933308353
42,121.54937727155033,True,Social protection policy,Social protection policy,0.8645020987634705,True,0.03963540175845741,0.11262572725478137,0.0,0.026098178899819552,3.176667039476456
43,107.83795646372937,True,Infrastructure investment,Infrastructure investment,0.8498339629129538,True,0.04842768895584676,0.08397030818875706,0.060414499537199795,0.025112103619506804,3.408009343361329
44,93.68915096694862,True,Infrastructure investment,Infrastructure investment,0.778083697402217,True,0.043688095977772325,0.061227069001301815,0.08988914440386964,0.0017921225170316746,5.121695916820926
45,89.68328131318887,True,Social protection policy,Social protection policy,0.7751438352708678,True,0.11644850099615388,0.27210556943092534,0.12971042887956308,0.005753755176050118,4.860735753970209
46,100.60247633087153,True,Social protection policy,Social protection policy,0.863090224240897,True,0.05902318900395938,0.08324451253450382,0.11269531467285132,0.010641334306502687,3.0658398717783495
47,84.2300694876281,True,Environmental and research-oriented policy,Environmental and research-oriented policy,0.6246178907400723,True,0.029493139132027803,0.07506823906927013,0.02436153822072057,0.003796209672106615,6.938977183540434
48,63.21147854215963,True,Social protection policy,Social protection policy,0.8586445174089599,True,0.034763475203816875,0.0695447697139513,0.031885978259593384,0.020241415239814382,2.4542470703825967
49,97.55087338577977,True,Social protection policy,Social protection policy,0.9121366324022402,True,0.019372780953154582,0.01712258867197619,0.04301905221592528,0.00766309244813956,2.149755369893101
50,130.30230732018717,True,Social protection policy,Infrastructure investment,0.8152352795337041,True,0.0445961596845463,0.10559629193691489,0.04218306825864393,0.008307198700353229,4.094578076377309
51,106.1426515802544,True,Infrastructure investment,Infrastructure investment,0.8548115789364454,True,0.05817433905585456,0.10118129670466824,0.08759102802852081,0.014837861962301899,3.163748429899266
52,71.68093613339757,True,Social protection policy,Infrastructure investment,0.8268313552073155,True,0.02589978209495984,0.029281470211909744,0.05265716322132319,0.008710603899126507,3.2356712270131416
53,55.50423857740839,True,Social protection policy,Social protection policy,0.8368850553122493,True,0.07350546770611831,0.16917188628782753,0.04271598797296028,0.045381262710626286,3.140512082620631
54,59.855720600609956,True,Social protection policy,Social protection policy,0.9144614399493547,True,0.037401800343724534,0.08871926442112632,0.02088961211996332,0.021297424661946243,1.552248686975981
55,83.76205652385241,True,Social protection policy,Infrastructure investment,0.8125111389288711,True,0.05537113805224536,0.10220087726977067,0.08628235988215394,0.005315746030934161,3.50518023854989
56,90.90810234646887,True,Social protection policy,Social protection policy,0.8175654726393654,True,0.02046653231694599,0.05209656724940481,0.008527946974453526,0.011008348885452622,3.744936477821889
57,69.59808944067079,True,Social protection policy,Social protection policy,0.8304988747169356,True,0.05508619628034656,0.09751011020747113,0.06772405745857757,0.02756751931516427,2.838073119192413
58,101.41146812629167,True,Social protection policy,Social protection policy,0.8500039598946051,True,0.04020960689427835,0.12377795839333944,0.014551588460838594,0.0024040772757962063,3.040068096315267
59,59.36580307529626,True,Social protection policy,Infrastructure investment,0.8816837042909653,True,0.048080404893946695,0.12933781008387107,0.02959454770957365,0.009349059335368688,2.0077664599287752
60,78.03425408910617,True,Social protection policy,Infrastructure investment,0.7511736837825108,True,0.049841118678888234,0.12653300317091282,0.023697108596479388,0.02421380360871661,4.404965985926784
61,58.80366983234833,True,Social protection policy,Infrastructure investment,0.7967619769918459,True,0.01890216435396844,0.04912040706871468,0.017037168170174866,0.0,3.918013717276895
62,70.32146943039837,True,Infrastructure investment,Infrastructure investment,0.8531326652289556,True,0.010650357082567178,0.021499040294039984,0.004105612385853719,0.011671597109091422,2.644307838071649
63,102.26848882567684,True,Social protection policy,Infrastructure investment,0.862744464884858,True,0.09212859725256776,0.25397183078091135,0.06159327804899761,0.006884981554078247,3.174414026059813
64,58.766331072713726,True,Infrastructure investment,Infrastructure investment,0.8231485579005132,True,0.02409053425937582,0.025608773246185657,0.03700035770175558,0.021707738959874122,3.1283093430677225
65,77.99251432159146,True,Social protection policy,Infrastructure investment,0.7010596318317422,True,0.021410816160517106,0.031263713634092416,0.023974003925897547,0.01970013900181991,5.968566117925494
66,63.08115261253386,True,Social protection policy,Social protection policy,0.782824302044457,True,0.07216342263875578,0.12768495191524798,0.10749641266572607,0.017390614654671205,3.740312617408295
67,123.67606098224189,True,Social protection policy,Infrastructure investment,0.7982108143960335,True,0.04564968556099543,0.11140249558188164,0.0432117884140551,0.005159615467547299,4.295226946304675
68,85.866299358842,True,Social protection policy,Social protection policy,0.8750587725659134,True,0.04688131330306139,0.1135559422964762,0.03617399366217716,0.014354660602061503,2.217236884364733
69,114.669499974576,True,Social protection policy,Infrastructure investment,0.8902633740778163,True,0.0681707945701641,0.08356715626135547,0.12905240292688225,0.02597822180733668,2.468776627185115
70,98.56384686439216,True,Social protection policy,Infrastructure investment,0.8734963354066537,True,0.05477656703781302,0.12118002449652066,0.059176939791558913,0.01136102034426599,2.8387106652821794
71,72.38889895956639,True,Infrastructure investment,Infrastructure investment,0.8243497197289582,True,0.04434713941264623,0.05863572497317299,0.0852868854604793,0.011292377510609512,2.9937136716669617
72,129.10556327923865,True,Social protection policy,Infrastructure investment,0.8294126408127486,True,0.08530024582811306,0.15849558133325425,0.13024599750966181,0.009809281555479638,4.155965745562005
73,77.97756304749493,True,Infrastructure investment,Infrastructure investment,0.8130243499137151,True,0.07760961257652574,0.17357472767330506,0.060487974386047694,0.0375709419584873,3.4113396987219966
74,61.396992006327146,True,Social protection policy,Infrastructure investment,0.8468450123714587,True,0.012415364819726502,0.018399173089501675,0.01062015876073047,0.01443444501881061,2.7523128525916625
75,61.60330284005772,True,Social protection policy,Social protection policy,0.8608765787740301,True,0.048100246297614876,0.11805287183976593,0.04219040815810715,0.008107582043778983,2.342593473021092
76,101.527511252966,True,Social protection policy,Social protection policy,0.8651258311621699,True,0.0740104822125789,0.19858843243469837,0.04212221008743655,0.01832604522189122,2.840713297442634
77,60.071456865712136,True,Social protection policy,Social protection policy,0.8288978683578537,True,0.029427744515746566,0.07040528306460642,0.016177036190165084,0.016414786550341474,2.49949700143124
78,85.37999496217557,True,Social protection policy,Infrastructure investment,0.8366527369009599,True,0.042202985374213915,0.08960900898088525,0.02488232724233741,0.033219112586526045,3.1355443793203714
79,88.78572929424175,True,Social protection policy,Infrastructure investment,0.8211423806299757,True,0.0069145012191067345,0.020557156452930547,0.0,0.0036435978139430225,3.6537789247116175
80,80.52503181083273,True,Infrastructure investment,Infrastructure investment,0.8795687506070538,True,0.08781273582569045,0.13703196539110907,0.1383945791649287,0.031918030833878785,2.132134898779717
81,87.65316799549238,True,Social protection policy,Social protection policy,0.8240271730059919,True,0.049817388419752216,0.10165171063347417,0.020193893906183646,0.05251525492947495,2.7179775186059763
82,137.75193059354464,True,Infrastructure investment,Infrastructure investment,0.7649039482905211,True,0.040360606155597896,0.04052990554054381,0.09493394858710524,0.005798267416943587,6.246512665381506
83,100.111960198115,True,Social protection policy,Social protection policy,0.8278929688977337,True,0.06142924441663581,0.1628950531871941,0.04941208322985213,0.0026952190411790727,3.8284114855789353
84,84.95170326482027,True,Social protection policy,Infrastructure investment,0.9052238399544806,True,0.02627082288054878,0.06329149358021469,0.008206459150915668,0.02044992735079037,1.7914842535087196
85,81.74485207789779,True,Social protection policy,Social protection policy,0.8333226283920075,True,0.11649500702406713,0.24787460448551868,0.15286311905998207,0.006994801038734254,3.326171562278156
86,90.022222396962,True,Social protection policy,Infrastructure investment,0.8370070779583655,True,0.03513175388898687,0.08546007112941467,0.033301888683107905,0.004199178798931474,3.128730063172625
87,73.97016112853062,True,Social protection policy,Social protection policy,0.8874970048591101,True,0.06205186839695898,0.14979877909436623,0.03414615812860772,0.033236602166382495,1.6328800431956356
88,112.19450143820296,True,Infrastructure investment,Infrastructure investment,0.8119054335897476,True,0.014649748751179052,0.034368010482205724,0.0004559061329968972,0.01645020401392406,3.9922347219742025
89,126.16270945165289,True,Social protection policy,Social protection policy,0.8034437390955447,True,0.06590239150783805,0.12803925889689477,0.09664660957885651,0.005972501801681893,4.042617834264217
90,99.5812322573577,True,Social protection policy,Social protection policy,0.8357468363532206,True,0.023333107821928156,0.03443075867477674,0.0013713099236034587,0.04586380877836835,3.5422904720923962
91,84.20852012157172,True,Infrastructure investment,Infrastructure investment,0.8054097666290685,True,0.05910686668634184,0.13326995005774966,0.07333041812345742,0.00027366522098935114,4.114404261220698
92,95.22693685230786,True,Social protection policy,Social protection policy,0.8679827901241831,True,0.038184693543309334,0.06499537784737042,0.055252155344034826,0.01339889421017744,2.6772933215974826
93,90.645535350799,True,Social protection policy,Social protection policy,0.801943302603165,True,0.03451691811933427,0.08438250274130166,0.028093653525286366,0.00833305715108193,4.268984563082557
94,76.3950252361831,True,Social protection policy,Social protection policy,0.8313145088476362,True,0.02111051955262988,0.03367744251035132,0.029714536617987397,0.010494839305865866,3.396357920371253
95,90.78020260955984,True,Infrastructure investment,Infrastructure investment,0.8086637949605241,True,0.004988031412990261,0.015468679984039446,0.0,0.001989429961426467,3.9580596832364763
96,98.08956040472694,True,Infrastructure investment,Infrastructure investment,0.8296708582002523,True,0.05306598196040659,0.03115526519105838,0.14502069477670454,0.009554976893660166,3.351639052803562
97,88.29622581250561,True,Infrastructure investment,Infrastructure investment,0.797697811038616,True,0.046706035798015834,0.07544399100544985,0.08410820321721285,0.00391893107039272,4.120730943507666
98,93.60766806151119,True,Social protection policy,Infrastructure investment,0.8368198982521287,True,0.014291537240397103,0.02446757713273995,0.01705053340707252,0.008502269801577395,3.7253271225604974
99,81.08601182001226,True,Social protection policy,Social protection policy,0.7671815669415152,True,0.03481668481347811,0.08063670879158469,0.03279416910877836,0.008427518946810333,4.165909446134598
100,65.85143453738976,True,Social protection policy,Social protection policy,0.8001386672584423,True,0.0350055018214236,0.07578942970328456,0.033719268932398794,0.013010557739299232,3.13367210148831
101,103.89585583247207,True,Environmental and research-oriented policy,Environmental and research-oriented policy,0.6331205416219937,True,0.09380431540405963,0.1863231349866616,0.13260203813476656,0.009389930792780582,7.0562001465018405
102,109.02490965477256,True,Social protection policy,Infrastructure investment,0.7962237126168727,True,0.09466962208243236,0.26783703327502484,0.05528241676323514,0.008224227250253284,4.830228100587526
103,60.494245167253936,True,Social protection policy,Infrastructure investment,0.855007120157665,True,0.040676339524340036,0.04985215739741028,0.0543788972843684,0.038136133653411446,2.2418621870921522
104,96.51404706905265,True,Social protection policy,Infrastructure investment,0.8229528173306233,True,0.032439306145253206,0.06173207728024588,0.03631984246800962,0.015485651760130711,3.6319041655484945
105,65.25417377942351,True,Social protection policy,Social protection policy,0.739801044314356,True,0.03764776855894465,0.10354006188598858,0.026658299402380292,0.001568828667937422,4.251308678591454
106,91.04858294875837,True,Social protection policy,Infrastructure investment,0.7510678720954255,True,0.029718347834364285,0.0755922339433176,0.02452131044670136,0.003900673030256034,4.225275762952836
107,57.3944754311851,True,Social protection policy,Social protection policy,0.8624909601786639,True,0.08815514998222529,0.21377541002452038,0.08001438339515138,0.014753231518116756,2.179998129735845
108,68.03003995141582,True,Social protection policy,Social protection policy,0.861425261650723,True,0.008724440210495007,0.011797906241894918,0.0013006515427527177,0.017436982952084887,2.753820675481414
109,95.5495155298533,True,Social protection policy,Infrastructure investment,0.8733863136943643,True,0.03776203553986014,0.1089979784720253,0.016971142774843906,0.006198003142641281,3.0492107900092638
110,93.46977005588849,True,Social protection policy,Social protection policy,0.8266360458956311,True,0.12115318174299208,0.2628512679511339,0.15400668249753657,0.007178185651801866,3.9785999272515182
111,61.83591993312776,True,Social protection policy,Social protection policy,0.8241532881874309,True,0.07753552638039572,0.10359374983378666,0.16254025706697295,0.005240335430625402,2.741354039969006
112,76.76610428865372,True,Social protection policy,Social protection policy,0.6800800595106432,True,0.02566322036542325,0.07370038225814324,0.011262852270681245,0.004858036750156891,6.270047756567017
113,118.48578250898079,True,Social protection policy,Infrastructure investment,0.8381319453898491,True,0.0665926995526385,0.1569522156011458,0.06026397641584735,0.01585825641724159,3.3907897245278114
114,71.68799535462936,True,Social protection policy,Infrastructure investment,0.8318167700552809,True,0.027692454924088648,0.06870512068911816,0.01828898647599153,0.00992948506920057,2.957860798526174
115,74.92987378173753,True,Social protection policy,Social protection policy,0.8135482535246207,True,0.03589578424113472,0.03201864630298534,0.07959058161032107,0.014026016930665117,3.937095788767952
116,87.95741721565531,True,Social protection policy,Infrastructure investment,0.8670120638443586,True,0.05450664703557299,0.1243951368053326,0.05887607200365497,0.007502055815517876,2.7919565768075136
117,102.99997226395406,True,Infrastructure investment,Infrastructure investment,0.867143298600909,True,0.05639673986726796,0.05798522472490586,0.12873637378623043,0.010666991024301561,2.941315073697241
118,108.58563481464518,True,Social protection policy,Infrastructure investment,0.791219302341937,True,0.09814333029281666,0.2270038851493612,0.06263014310511739,0.053867627770379733,4.155737028673509
119,84.34495568589335,True,Infrastructure investment,Infrastructure investment,0.8799199612445112,True,0.025666889277937303,0.03180480159822552,0.04523832682935891,0.01279098404519613,2.409280760643078
120,116.71727726907652,True,Social protection policy,Social protection policy,0.7980034650532003,True,0.04761705049099578,0.1317926775448625,0.027825490107872386,0.007041509065750323,4.3867435486928485
121,97.04039745165919,True,Social protection policy,Social protection policy,0.8083987204360433,True,0.0612123103920732,0.154298792298468,0.023420707568840404,0.03652358650494779,4.060555803830833
122,106.52379965309612,True,Social protection policy,Infrastructure investment,0.8481108545546039,True,0.06133908509969955,0.1389604473415028,0.04930939180817817,0.02641695869926744,3.9303165965408393
123,91.92625769592287,True,Social protection policy,Infrastructure investment,0.762201378112016,True,0.0513776343222302,0.14104576268621016,0.025964398549951195,0.012811558891644342,4.58493660499128
124,86.22116042201962,True,Social protection policy,Infrastructure investment,0.7965391383146538,True,0.06142880347691736,0.14127345119589713,0.02683142780987033,0.0468959331634433,3.3787209252993677
125,65.6512831057334,True,Social protection policy,Social protection policy,0.7898270588074814,True,0.09569254943131043,0.10596314322392464,0.19033940066493316,0.038621379120728744,3.145211801873022
126,92.01295681004027,True,Social protection policy,Social protection policy,0.7258944491061844,True,0.07088549725578062,0.17824805836864566,0.05676026127082223,0.013090920755764318,5.12447618090214
127,70.8743520419634,True,Social protection policy,Infrastructure investment,0.8351106589846713,True,0.030439675893114575,0.09036017207187957,0.005660611990197517,0.010518081563823924,2.995178360906471
128,115.04184686359216,True,Social protection policy,Infrastructure investment,0.8189944479453268,True,0.02354324565564533,0.06752997017307505,0.011525592857356048,0.0033457967643275507,3.9833842016618592
129,71.69031237972735,True,Social protection policy,Social protection policy,0.8470641835979921,True,0.03878034539841251,0.05466400373599084,0.07414085769975454,0.006926347458698398,2.7928463497891567
130,74.91151180813091,True,Social protection policy,Infrastructure investment,0.8100803493905031,True,0.035788610847682464,0.08667612423066351,0.016732416202987765,0.02185159753323733,3.865906453399638
131,103.95648541986013,True,Social protection policy,Social protection policy,0.8095986614857915,True,0.09518052683312449,0.17878726097403197,0.09529721468476804,0.05904736825713569,3.9373663039931928
132,85.77110511656059,True,Social protection policy,Social protection policy,0.7622904266218623,True,0.05766042203178907,0.15232995418582734,0.02966879295873648,0.019812729966697917,4.375846038172549
133,114.30753930859605,True,Social protection policy,Social protection policy,0.8144285966878249,True,0.09905584162053163,0.2611901139612669,0.08077581656611232,0.004729515144481486,4.333335438597932
134,104.4671617878585,True,Infrastructure investment,Infrastructure investment,0.8564091504640607,True,0.040500485273068175,0.03286491705065053,0.06495019083685871,0.04393659056822938,2.986103465619045
135,71.43204758436713,True,Environmental and research-oriented policy,Social protection policy,0.7020731511540764,True,0.056790960655043535,0.042751742016851335,0.15597825205161697,3.836822418407104e-05,5.60591212137857
136,120.28016176147486,True,Infrastructure investment,Infrastructure investment,0.8325074277330938,True,0.049034677444650863,0.08918962708164535,0.07087637708953232,0.011555366885100359,3.6837102951070992
137,90.4839512512774,True,Social protection policy,Social protection policy,0.8574623177590183,True,0.015633506798678372,0.01884865851516332,0.014506162878930029,0.021362452401280957,2.6924125281544464
138,72.6661996502184,True,Social protection policy,Infrastructure investment,0.8648205426370161,True,0.05518673046626162,0.10012917923355125,0.07928087309644671,0.013743504301917717,2.390419411870444
139,103.60221851811107,True,Social protection policy,Social protection policy,0.7814801754530516,True,0.03646451199146177,0.0764258242796837,0.031670620473278954,0.019529347217153534,4.911113012345937
140,68.40163743089232,True,Social protection policy,Infrastructure investment,0.7636331839656149,True,0.05411009067969229,0.09958476707557717,0.08600267797650507,0.0037978723268407635,4.383400726700405
141,92.1533931685814,True,Social protection policy,Infrastructure investment,0.7594682894124084,True,0.02860616538039357,0.07590237771093322,0.018342219963408735,0.005876981157035541,4.646174139087071
142,134.09930685441577,True,Social protection policy,Infrastructure investment,0.857667261232321,True,0.07721696285947977,0.16025650046278994,0.10410278592424915,0.005900083621140098,3.802820499625065
143,79.27975443764063,True,Social protection policy,Infrastructure investment,0.7979540844511948,True,0.017232240717458575,0.035723498931746756,0.013908764251696404,0.010680579327661852,4.098360585715964
144,59.48338939086378,True,Social protection policy,Social protection policy,0.847074854889553,True,0.025923876983699863,0.07062218166960604,0.003669147717916932,0.01644224005542655,2.6639969530957193
145,70.67676662484772,True,Social protection policy,Social protection policy,0.8477081774067792,True,0.029908637653972496,0.053362850809181295,0.04300987158736547,0.008307509392356978,3.074651873073414
146,71.81843471708953,True,Infrastructure investment,Infrastructure investment,0.7524106061339113,True,0.018372022221292944,0.029575332068836946,0.03308122398185209,0.0016455217238362657,5.441418000695289
147,52.700847691846505,True,Social protection policy,Infrastructure investment,0.7973844505760836,True,0.011549714882413862,0.014236783335238645,0.0,0.026187218753209868,3.3987453845185787
148,93.47498266005174,True,Social protection policy,Social protection policy,0.7946111199996099,True,0.057462544905480514,0.16580094616705987,0.02507700175014138,0.010240959251980555,4.131744453987741
149,84.15433672831986,True,Social protection policy,Social protection policy,0.8095498986013782,True,0.052697548703702794,0.1267958851814417,0.054526496423954685,0.0031190388575634033,3.5856079964135645
150,114.95627232766233,True,Social protection policy,Infrastructure investment,0.7946252539418664,True,0.01913180323316301,0.054168602628731244,0.009322708467183527,0.0034700002201557556,4.570053390118355
151,79.0639931085679,True,Social protection policy,Social protection policy,0.8019548668062598,True,0.04626087813956825,0.062218691222737155,0.09069143422056514,0.009002948045186601,3.389059295104788
152,77.19333097004008,True,Social protection policy,Social protection policy,0.7717671132864561,True,0.05869286919613893,0.14071463424178998,0.05634332570770595,0.008367082236990328,4.594470036629648
153,93.31758893667661,True,Social protection policy,Social protection policy,0.7293378002358183,True,0.04254497577048825,0.11721503691222912,0.019366832616981466,0.012325545667498258,5.473513423064622
154,104.40267567812491,True,Infrastructure investment,Infrastructure investment,0.8112146794849121,True,0.05819191993438532,0.15917316775098,0.04268040418505786,0.0018181478343107446,4.56715734297925
155,80.56330607426423,True,Social protection policy,Social protection policy,0.8682314631985525,True,0.04223078192156092,0.07641233312532059,0.06126666684166382,0.0101287367584788,2.5480969762986985
156,91.40786830992558,True,Social protection policy,Infrastructure investment,0.736571245566952,True,0.09058891536348553,0.2203767091005132,0.09368411757927192,0.003000377092414186,4.753415816750017
157,96.88813226909083,True,Infrastructure investment,Infrastructure investment,0.8786139188405895,True,0.08301259227881015,0.07106468436826963,0.20976400557528097,0.009715383032284926,2.4731112321148676
158,87.44269057629052,True,Infrastructure investment,Infrastructure investment,0.8556106856714077,True,0.044017183327259395,0.06110593581467505,0.06790833072747549,0.025045875103257342,3.1655499910966842
159,120.42761997025855,True,Infrastructure investment,Infrastructure investment,0.7617790702634337,True,0.05135075563772543,0.08180481382163796,0.08943387188286539,0.008488959027535645,5.2757755830191115
160,118.51163341813653,True,Social protection policy,Social protection policy,0.8192133563996459,True,0.14437212998786147,0.26291223750193127,0.23001090506694788,0.012379312388635974,3.8842205622703885
161,100.78170487027096,True,Social protection policy,Social protection policy,0.8110164029566478,True,0.06365805276560153,0.15057385978395132,0.04556012894156147,0.02666919595409256,4.880193645990551
162,61.018930445248905,True,Social protection policy,Infrastructure investment,0.8847369263110417,True,0.032317272598574406,0.03626539298885534,0.05459630528572834,0.022248755820426742,2.0976423855054214
163,56.67056712378216,True,Social protection policy,Infrastructure investment,0.8114437879121619,True,0.03498434427661661,0.04448425404073958,0.03756867500028005,0.040392275927138524,3.1163375577463963
164,137.3946360461617,True,Social protection policy,Social protection policy,0.8503299371147894,True,0.06176612724737911,0.14182707795916183,0.07176612007455452,0.0025882473321105284,3.8603577079259055
165,62.13534964178066,True,Social protection policy,Infrastructure investment,0.8206407086317268,True,0.05203001863338836,0.09384637046975358,0.060816492450629644,0.02744220229647605,2.776241726643061
166,57.15053059630638,True,Social protection policy,Infrastructure investment,0.8114711084048485,True,0.035686044601754466,0.02848182834575297,0.07288956385603729,0.023529763904350368,3.283646631264709
167,121.82179781552566,True,Infrastructure investment,Infrastructure investment,0.8655942376689022,True,0.04840034455091487,0.06975759994925412,0.08731267971880019,0.012330926260147729,3.2282090844911053
168,63.06342014520382,True,Social protection policy,Infrastructure investment,0.7558590183823996,True,0.013324655114620469,0.032222898447782256,0.014001755611963262,0.0004116388414261221,4.505918754811042
169,83.51488305977897,True,Social protection policy,Social protection policy,0.8216835308710457,True,0.08013064390703072,0.20398831146747942,0.033451263208595206,0.04301767899853286,3.3199017852436192
170,91.03141847655755,True,Social protection policy,Social protection policy,0.7547116273461002,True,0.11479099747805509,0.2930850022081179,0.10466866799067176,0.004014820974403144,4.5656194218875585
171,81.90694678863825,True,Social protection policy,Infrastructure investment,0.883755052331,True,0.033165970863955986,0.09595778821751211,0.0,0.020123109806333847,2.6149502508800953
172,75.17181476570373,True,Social protection policy,Social protection policy,0.7782745367033301,True,0.0264130215605834,0.023608495964833998,0.066459975597714,0.0023771038994939153,4.0922840045717646
173,91.62953974367855,True,Social protection policy,Infrastructure investment,0.8176700778314638,True,0.024720143800053978,0.021714055447946745,0.004923865619285872,0.05988258223295631,3.4539132856064962
174,96.7444031677166,True,Social protection policy,Social protection policy,0.8097101149349369,True,0.10740557728343093,0.12735439346685962,0.2314996905743667,0.017065436450781943,3.9881942911949912
175,90.63275789301704,True,Social protection policy,Social protection policy,0.9221743164655245,True,0.06612985698181185,0.14222021665772677,0.056371904350450364,0.03286237842816438,1.564484718377299
176,82.51921519799212,True,Social protection policy,Infrastructure investment,0.754836440623819,True,0.02865370352214853,0.07801234743419105,0.015442633987900078,0.0068329809054287205,4.01274169095312
177,74.6142966713686,True,Social protection policy,Social protection policy,0.8357790846498765,True,0.027278845877517503,0.050286309919351346,0.03584383785570644,0.009345812796253475,3.4584061574940272
178,102.30681244586151,True,Social protection policy,Social protection policy,0.9096729655391362,True,0.0696754443513191,0.17518983374645647,0.055831569241171164,0.012842652241989248,2.1203227406219316
179,55.43336439369614,True,Social protection policy,Infrastructure investment,0.8117821771943754,True,0.033963691552679295,0.08383317234527987,0.02364056449745855,0.011399183591639099,3.2556762492584563
180,70.71853416988463,True,Infrastructure investment,Infrastructure investment,0.8176754570562794,True,0.020629538638560412,0.01613946506589814,0.03838580535620961,0.017678114812853696,3.786578521440053
181,91.10592952112145,True,Social protection policy,Social protection policy,0.7961427072216335,True,0.07598214782118141,0.046043106994255234,0.14385593384400464,0.07603847653587506,3.820481576797218
182,76.75504590312174,True,Infrastructure investment,Infrastructure investment,0.7859165382423128,True,0.04003932357845376,0.061312787887793485,0.07819740581296886,0.0006274388238258349,4.526712934145082
183,83.58953563645021,True,Social protection policy,Social protection policy,0.8128919856831863,True,0.1111378884077411,0.24093741819316283,0.14397718671657644,0.004068004517354534,3.957073916689095
184,88.46225007956697,True,Infrastructure investment,Infrastructure investment,0.8190587988922299,True,0.008312142284320104,0.02387753201394971,0.0024163686615908953,0.0027985973195797584,4.125419430589597
185,86.139067056172,True,Social protection policy,Social protection policy,0.7563038295696286,True,0.06479902201302024,0.1038738226035264,0.11873112353247728,0.004191630909567132,4.696742204481322
186,132.6008939492977,True,Social protection policy,Social protection policy,0.8142589969058018,True,0.08357919294001173,0.1558142964195573,0.1230693507827696,0.013643528087714171,3.822166971176527
187,72.93231564620238,True,Social protection policy,Social protection policy,0.8683822873617947,True,0.06041964477320516,0.13157639651212705,0.04320965748456396,0.036682702709527074,2.2537549187404733
188,74.5009729186286,True,Social protection policy,Social protection policy,0.7639258818953597,True,0.028725245398342713,0.06679523580301705,0.027981447360507783,0.005761675730674667,4.364984983210756
189,86.0002162440706,True,Social protection policy,Infrastructure investment,0.8610606681416202,True,0.06571429556685725,0.10732901280410923,0.10718702608799835,0.015483995591892813,2.610650626892535
190,103.61774090540469,True,Infrastructure investment,Infrastructure investment,0.8135209828442106,True,0.023772170108839686,0.02621269364151424,0.042710559516240476,0.01427934222318418,4.084200524962944
191,66.3134017577661,True,Social protection policy,Infrastructure investment,0.7591642785999347,True,0.017974905330916384,0.016965689921354832,0.028753721058085713,0.017192757678766796,4.490327373890894
192,130.56695930866346,True,Social protection policy,Infrastructure investment,0.8082132996223318,True,0.08050241643820957,0.17651751544301753,0.09141477787777841,0.013826164212937614,4.73975519993231
193,98.35558757624766,True,Social protection policy,Social protection policy,0.8251274241586122,True,0.06734041000348909,0.09629519033699274,0.10994439820388568,0.029451846471333365,3.7610416585337973
194,85.24210780153008,True,Social protection policy,Social protection policy,0.7872800924067448,True,0.042323039446682996,0.03680836974873064,0.0983499620700159,0.012972306244643975,4.002435088619681
195,60.17280046574969,True,Social protection policy,Social protection policy,0.8548949112102867,True,0.042474894476654756,0.09543063722974954,0.017627503155679097,0.03560399028286303,2.3489358800593627
196,89.4568958523331,True,Social protection policy,Infrastructure investment,0.8888789030786641,True,0.0592320376657396,0.15229299722285017,0.04084991779922581,0.014169216808012607,2.2578206623907473
197,68.01471713623951,True,Social protection policy,Infrastructure investment,0.8015454307446824,True,0.012246347358370368,0.0168572167770058,0.0,0.026004998977290486,3.721528757955905
198,109.04583414014942,True,Social protection policy,Infrastructure investment,0.8995426014421832,True,0.048639811819432166,0.07073579165089727,0.07367103515435347,0.025832514562761838,2.2958466706693477
199,108.95585209580041,True,Social protection policy,Infrastructure investment,0.804250446477934,True,0.043324474762599166,0.08678677413090619,0.053702965549976056,0.011145921988214846,4.382430139036914
200,108.4122717329096,True,Infrastructure investment,Infrastructure investment,0.8538068947301082,True,0.03515372576607691,0.08611185710215385,0.020689930163252823,0.016236252915862497,3.602105877294473
201,98.2516747353989,True,Social protection policy,Social protection policy,0.7562098213163564,True,0.0388406390049618,0.08664234896844658,0.04146675500914487,0.007833132539774829,5.485257033735757
202,101.79724174346546,True,Infrastructure investment,Infrastructure investment,0.8507646820823458,True,0.00969338941169301,0.015876453435662186,0.009014760576759207,0.009035648928504142,3.177064648275067
203,92.5661521347665,True,Infrastructure investment,Infrastructure investment,0.8278746990457618,True,0.028220969955811376,0.047478404993195555,0.03360693410345694,0.017688055748687315,4.036952125932756
204,101.94927391184635,True,Infrastructure investment,Infrastructure investment,0.8111710166985324,True,0.0355466043177546,0.10516940370276584,0.01649346059121498,0.002750250818160299,4.484070225440763
205,84.81366243446774,True,Social protection policy,Social protection policy,0.7331728905832015,True,0.11920111234475998,0.2391553997206738,0.13307764282618573,0.04497085065980044,5.693566394438259
206,80.05430398576446,True,Infrastructure investment,Infrastructure investment,0.7384495241831875,True,0.012576558397348224,0.008701619354167134,0.032539178691845416,0.0027771563447062317,4.793033290508055
207,62.33722224633471,True,Social protection policy,Social protection policy,0.8590262547814379,True,0.021799659357717893,0.04322522403650786,0.01504888009696742,0.01802470361853735,2.289225771922813
208,79.52448077876234,True,Social protection policy,Social protection policy,0.6837511372352126,True,0.03877271698614003,0.1009348212654346,0.02889168381236562,0.005878004373689891,6.063561403511831
209,94.23958262683861,True,Infrastructure investment,Infrastructure investment,0.7990904503782822,True,0.05373315901632597,0.11227317256510483,0.05610871640262832,0.019684167589407747,4.4389527461691
210,103.80229979142074,True,Infrastructure investment,Infrastructure investment,0.7860252439112947,True,0.0382924041213779,0.0548372118194238,0.054972889078727605,0.02421331352667125,4.7469580495502575
211,97.79274914234223,True,Social protection policy,Social protection policy,0.7533422362425788,True,0.033787155649710784,0.06203631426526923,0.05293451011738726,0.0032842203913312426,4.403824085379604
212,84.88145794904,True,Social protection policy,Social protection policy,0.7703427462148549,True,0.031099992242776923,0.0196307157387976,0.07495475368112237,0.014264503429799263,4.945977793051708
213,90.3823083567089,True,Social protection policy,Infrastructure investment,0.8659248958815364,True,0.162329598747362,0.2833102712958807,0.2772112674480862,0.007632056871799998,2.8132820020699354
214,70.87291115995008,True,Social protection policy,Infrastructure investment,0.7549155355792467,True,0.024867648929525095,0.04875303888283944,0.033586701916163975,0.004697030454334422,5.116668855841491
215,81.52341113784883,True,Social protection policy,Infrastructure investment,0.7196143241920987,True,0.012750835917248488,0.02312261095420698,0.017899567317773535,0.0036057474383891924,5.097772230992299
216,74.29679172483087,True,Social protection policy,Social protection policy,0.8083999534334403,True,0.06326128361464677,0.1261864908672718,0.07616894816156239,0.019059053622429517,3.515972973839269
217,119.63550503044146,True,Social protection policy,Social protection policy,0.8315068244832091,True,0.11008444083790213,0.26611093755984383,0.10857945788705914,0.01060514748575446,4.035897810316768
218,78.81749751528997,True,Social protection policy,Social protection policy,0.7158034906092893,True,0.07562066881162623,0.21253611514825171,0.04315735600675322,0.008978869685686869,4.954241408375585
219,81.41652683225516,True,Social protection policy,Infrastructure investment,0.8770805127179915,True,0.02440110072893401,0.05597974539407807,0.0042229362780950574,0.02520117087909591,2.3995783935931274
220,55.12474582144305,True,Social protection policy,Social protection policy,0.7861097125885272,True,0.044142202976403956,0.06236849924846377,0.06474048573139946,0.027388725437550596,3.5190145777046618
221,89.49381892184212,True,Social protection policy,Social protection policy,0.8135889433178869,True,0.05393075750444879,0.12638878522092195,0.037760674313766895,0.024608191730881905,3.059107955773949
222,135.87063485729223,True,Infrastructure investment,Infrastructure investment,0.8482300570047089,True,0.06839121547028092,0.1898410866257325,0.03072018921041375,0.018807978309836965,3.4451112526548537
223,57.10313429420877,True,Social protection policy,Social protection policy,0.8086428096320355,True,0.08137157254338047,0.12114471501217489,0.1533278736882766,0.010327915201380149,3.138874081046612
224,77.63120218609838,True,Social protection policy,Social protection policy,0.7802244198754772,True,0.08455090468372485,0.16569959157962805,0.12914639494277957,0.0010821798706293524,3.9982385126028195
225,100.14450674471617,True,Infrastructure investment,Infrastructure investment,0.8659549444281226,True,0.011720783607234057,0.02209008444936733,0.006082298518952145,0.012850359656999724,2.6969338766813165
226,98.11809898688927,True,Infrastructure investment,Infrastructure investment,0.8589079594836345,True,0.04201547004283428,0.06505504414216268,0.061887480210985335,0.02011162079677195,3.009412350209115
227,92.47735258747444,True,Social protection policy,Infrastructure investment,0.8054680185475469,True,0.0664026061268821,0.11905290620580133,0.09215999049008494,0.021196224748201084,3.7522735692426883
228,66.81757263240323,True,Social protection policy,Social protection policy,0.83216456113407,True,0.07919285933104632,0.1880315137028682,0.0825836103742893,0.006559883581504625,2.952956576141709
229,95.94321543846416,True,Social protection policy,Social protection policy,0.7879188765739124,True,0.07646114020062186,0.18473690026399814,0.03547198958263764,0.04740510085554073,4.068097266569506
230,71.26945772177709,True,Social protection policy,Social protection policy,0.8370432644863445,True,0.02737893131305503,0.06493826530734595,0.022635493569549414,0.008252500718797236,2.7712957484272143
231,86.66694764433839,True,Social protection policy,Social protection policy,0.8844950296794726,True,0.08921494955540464,0.20483888069876,0.08073389383299623,0.026679548912159998,2.382350775431965
232,58.34861638510763,True,Social protection policy,Social protection policy,0.7921966596084307,True,0.021877425224289197,0.037261954546033815,0.00892504198071753,0.030383991758260842,3.5108649547507014
233,69.03928940067497,True,Social protection policy,Social protection policy,0.8268814593525157,True,0.0470425221046618,0.10930321603605503,0.05142206347477357,0.003923547855487694,3.1078393127223554
234,100.63831585305859,True,Infrastructure investment,Infrastructure investment,0.8244641831271666,True,0.061692370230709184,0.09936298948720068,0.11422227933588314,0.00233802698439832,3.8859236459493127
235,100.98563403122924,True,Infrastructure investment,Infrastructure investment,0.8198495839796992,True,0.03510402940897976,0.013758735008767953,0.08543549557060293,0.02366987235205828,3.947997323697758
236,86.1238099520792,True,Social protection policy,Social protection policy,0.80191376159118,True,0.019411482928997217,0.035365340124028755,0.02602379729913057,0.006551052828330926,3.6014755537452006
237,120.132467014961,True,Social protection policy,Social protection policy,0.8327210068620433,True,0.03888159899974713,0.1155959561649576,0.02028086310264743,0.00020877723150992955,4.528545199814363
238,75.97358307581497,True,Infrastructure investment,Infrastructure investment,0.8898847986940992,True,0.026071996997588505,0.04316707105295747,0.03980978139319674,0.008275137045405563,2.083050467206
239,110.92351992887296,True,Social protection policy,Infrastructure investment,0.7695906671288438,True,0.027636581862672205,0.05329164785373908,0.03661798368243907,0.00681840498317457,5.295307333476212
240,60.68505429166487,True,Social protection policy,Infrastructure investment,0.8243297706373303,True,0.04536448947399361,0.1078143591852091,0.04378241889854112,0.007178935075227405,2.6942843564118357
241,73.67240327729718,True,Social protection policy,Social protection policy,0.8250989366872115,True,0.06064729734435315,0.15551672025387014,0.04180972224164564,0.014939098209720246,3.160840910575028
242,95.60233843367669,True,Social protection policy,Infrastructure investment,0.765282005997225,True,0.10025904673323681,0.16411278040905997,0.15601493735619304,0.03077894580107582,4.158073477736025
243,97.71451897893226,True,Infrastructure investment,Infrastructure investment,0.8197427613228102,True,0.03612461337369042,0.07754586593813029,0.045367934464761506,0.003522346405024652,3.6577018445050706
244,110.47251337283826,True,Social protection policy,Social protection policy,0.7315474209786793,True,0.08778713920100885,0.21286141934747627,0.09196477797702751,0.002428789879027199,6.025827542466159
245,101.05015837556938,True,Social protection policy,Social protection policy,0.8238732210667696,True,0.06730438180166684,0.1601988845286244,0.06844674143169971,0.006919710345509811,3.9761849661643947
246,88.75061631899328,True,Infrastructure investment,Infrastructure investment,0.8873258942441512,True,0.0314481403368016,0.05493144199342137,0.042181894479445425,0.012955154705938804,2.4215229971993297
247,102.42424061124649,True,Social protection policy,Social protection policy,0.8676719595032906,True,0.04654617656305624,0.1344398465711848,0.010423511126905982,0.018048260272606052,3.168936683904831
248,93.16712179046309,True,Social protection policy,Social protection policy,0.740707953497654,True,0.036188870187416074,0.0952408835609147,0.03137336906744226,4.679302759930115e-05,5.361816042546285
249,70.66392650044828,True,Social protection policy,Infrastructure investment,0.7957592765754,True,0.016743242580414007,0.0442747965760405,0.0075613557184127655,0.006765196736995764,3.4536879753560155
250,93.65126499238295,True,Social protection policy,Social protection policy,0.8121789991011933,True,0.056639828480908684,0.1494097418599779,0.03358739463595245,0.015242263187250013,4.076876794581207
251,74.00498647386745,True,Social protection policy,Social protection policy,0.784413036509576,True,0.03034222011164922,0.06334019105497996,0.04004336622268423,0.0028142131131080883,4.448122150843502
252,83.7034641514536,True,Social protection policy,Infrastructure investment,0.8412122102740504,True,0.0925063039611632,0.18207189687062952,0.11261701311787764,0.029083153875564018,3.4703315951504585
253,95.7794083662267,True,Social protection policy,Social protection policy,0.7962952112133973,True,0.03349142188699871,0.08072523829886213,0.032025884712515884,0.004468853593117467,4.261362400052615
254,58.60814103311769,True,Social protection policy,Social protection policy,0.8937630932845841,True,0.039426881147085,0.03000863254207875,0.09240473375886216,0.015580717713856614,1.8328192233411844
255,71.18432652939451,True,Social protection policy,Social protection policy,0.8497915382580519,True,0.013275086134694275,0.023049048026156593,0.014355007908302575,0.009058745536970794,2.6043643544692694
256,73.84903107591289,True,Social protection policy,Social protection policy,0.871546353800415,True,0.03129995102720966,0.03715748514021672,0.05413359561165354,0.01825874784336355,2.28091415661583
257,100.48623553432532,True,Social protection policy,Social protection policy,0.8268882984113101,True,0.11037044232911837,0.2216141433002175,0.15535699462704655,0.009325410224650194,4.2034028121113405
258,98.20845176957474,True,Social protection policy,Social protection policy,0.8668615719617992,True,0.03188564223327555,0.09492571855930987,0.011708198996250196,0.004965830260904358,3.145397563016694
259,86.28022835861921,True,Social protection policy,Social protection policy,0.9311516551343606,True,0.03502448802285165,0.06566843936306621,0.029127935260430338,0.027789333456484225,1.548513004204487
260,54.63118817793771,True,Social protection policy,Social protection policy,0.7870896988082849,True,0.011388546928996542,0.008007766687348095,0.020875368003260175,0.010976779560879626,3.5505173211401084
261,94.6646107243733,True,Infrastructure investment,Infrastructure investment,0.7953454906535398,True,0.07452448326961733,0.15301404722872403,0.09915670602644128,0.008664938188495355,4.2657958031426855
262,70.86058585954005,True,Social protection policy,Social protection policy,0.7255473401866347,True,0.06467592517282354,0.09607642589884369,0.08330624873384107,0.04698306347219766,4.38279433678113
263,57.93882634582817,True,Social protection policy,Social protection policy,0.8420655282212279,True,0.06785355929297414,0.10205836744396468,0.11017866568974066,0.025250424391704177,2.770729277951643
264,50.09663083668294,True,Social protection policy,Infrastructure investment,0.8214581523956034,True,0.045087875764215336,0.0864187808335537,0.06267806212414129,0.00871072221705868,3.2176011979874577
265,87.7953743496511,True,Social protection policy,Social protection policy,0.8003176008657702,True,0.08191046395581084,0.21451704308570518,0.06934032996787043,0.0028292507917623486,4.813172983917066
266,79.5702126863114,True,Social protection policy,Infrastructure investment,0.815986805933755,True,0.08683345528841821,0.24574867471890116,0.04311089563224546,0.01505752315831712,3.2065762345393733
267,110.14551126627839,True,Infrastructure investment,Infrastructure investment,0.8276245784786929,True,0.06922817058323263,0.15301600336576948,0.0771371944710767,0.012145399204468027,3.9764980627431386
268,88.28014818519652,True,Social protection policy,Social protection policy,0.8396392467281059,True,0.03847137473851462,0.09523837072210894,0.03828527447068597,0.0011261663920062379,3.320575379199293
269,72.42128256649531,True,Social protection policy,Social protection policy,0.9089910958113313,True,0.14793529070908454,0.27660619186891805,0.23158138211043422,0.009585943502443676,1.697427270853439
270,94.81324833602976,True,Infrastructure investment,Infrastructure investment,0.7610787409838283,True,0.024573164972784205,0.03458860974707623,0.05025117491018949,0.0011662927474790016,4.525090748879921
271,95.45960395346276,True,Social protection policy,Social protection policy,0.825410707832549,True,0.04839784631823902,0.012057770147517244,0.1260915643709961,0.031243127595323217,3.4686035366113472
272,104.1176775794226,True,Social protection policy,Social protection policy,0.8380105717402706,True,0.11266386725085094,0.25319647587054755,0.12556627571198453,0.015560783795446148,3.267127732238486
273,73.54833578463673,True,Social protection policy,Social protection policy,0.7607361071123315,True,0.06774330912997571,0.12065567079645895,0.07759337736791083,0.03885253379054523,3.2553154261179995
274,66.61456564360157,True,Social protection policy,Social protection policy,0.8183059810394746,True,0.02836945092865667,0.07108652172329666,0.009711546353851852,0.018495010173149834,3.475055006997854
275,90.83274665175517,True,Social protection policy,Infrastructure investment,0.7628327868151334,True,0.08397902421105288,0.16753195872172771,0.12315575784492894,0.00323886817202846,4.749655787475221
276,88.08749599753004,True,Social protection policy,Infrastructure investment,0.8309822623559213,True,0.02562914485747165,0.017354290739189593,0.05102402407739315,0.021323692184568033,3.383629648003552
277,83.51681939662429,True,Social protection policy,Social protection policy,0.7945566567920699,True,0.05154591308823557,0.13330311312183524,0.04469844619042551,0.0024091364965637407,4.0429149742436215
278,103.14604472931802,True,Social protection policy,Infrastructure investment,0.7651778377760426,True,0.125237055392831,0.30990967068724684,0.11659050413999728,0.011829519047664369,5.52278635258899
279,71.32093240403834,True,Social protection policy,Infrastructure investment,0.8097817468264539,True,0.10388005578426843,0.22440083151137546,0.12562223581527382,0.013557127918290224,2.9651864704887427
280,92.92704372900059,True,Social protection policy,Social protection policy,0.8517034479572788,True,0.03459083805710455,0.07542036003404157,0.009098204662966625,0.03654936850285774,2.8020673944279917
281,72.20765116210434,True,Infrastructure investment,Infrastructure investment,0.760055763039458,True,0.06407823650552365,0.13050569205067164,0.07372633474731483,0.02004180097134628,4.5828774931314005
282,82.0441350805033,True,Social protection policy,Infrastructure investment,0.7461898134857281,True,0.03969691797756154,0.09979202278010368,0.02520873863937695,0.013938451501984736,5.206169123816405
283,100.01867317399916,True,Social protection policy,Social protection policy,0.8323008529936685,True,0.07305899737902237,0.08667156541959897,0.1485750365209617,0.02045988888601763,3.6476446622418113
284,71.35099368927122,True,Social protection policy,Social protection policy,0.8764196175652883,True,0.03610746496867656,0.05498145615886385,0.0303860427902094,0.04100862844129472,2.195570536995123
285,133.948557097584,True,Infrastructure investment,Infrastructure investment,0.8112951690504249,True,0.012791330748843975,0.04444815099585031,0.0,0.0003215066251036,5.237105915012662
286,88.16965026095389,True,Social protection policy,Infrastructure investment,0.7601910708836124,True,0.0657553332931038,0.13576177211976542,0.07882740830214702,0.015554486103950882,4.909928376728467
287,89.89277914848702,True,Social protection policy,Social protection policy,0.7372161387181457,True,0.04636807031103106,0.06568407304809576,0.08071418027728772,0.01588999276322521,4.416102412596372
288,87.75342106321216,True,Social protection policy,Infrastructure investment,0.7627024358900196,True,0.07674907889278441,0.22298843986504968,0.030122401969890078,0.015510934289805711,5.0883256995990385
289,99.95251335463635,True,Infrastructure investment,Infrastructure investment,0.8194684531884989,True,0.04277781261013778,0.08289915228456934,0.04112125782665077,0.025701934024262102,4.089366895200714
290,79.42328697950398,True,Social protection policy,Social protection policy,0.8464194645761113,True,0.03183249114049288,0.04945576983217226,0.008554402911082892,0.05340354624846992,3.0715789777216322
291,81.42440369440169,True,Infrastructure investment,Infrastructure investment,0.8274248151047678,True,0.015128697777642626,0.03095736355099099,0.019656170075362578,0.0023369085953956203,3.5405878585075476
292,98.671886164008,True,Infrastructure investment,Infrastructure investment,0.8421676563647403,True,0.062065201345898116,0.08155085835127773,0.08989884774248491,0.04577849861688078,3.4074611014039236
293,74.94884302992823,True,Social protection policy,Social protection policy,0.7467274207380901,True,0.06114512543575152,0.1552313569470447,0.053937135249811696,0.004839446828273933,4.578567068714922
294,84.82693251205563,True,Infrastructure investment,Infrastructure investment,0.7881583940956899,True,0.02427883002447449,0.05171769124190828,0.030388910342616426,0.0028693035011360044,4.3838772006833535
295,52.069032135003816,True,Infrastructure investment,Infrastructure investment,0.8526888454590241,True,0.019176083992869346,0.026887633494495078,0.013311303253954021,0.026917357226593615,1.9768721040285973
296,112.46768889390529,True,Infrastructure investment,Infrastructure investment,0.7360713953011813,True,0.02340482228627248,0.02250489344309531,0.05434949495801489,0.005062489600843489,5.740108057972995
297,79.84899592837607,True,Social protection policy,Infrastructure investment,0.8289871147127156,True,0.06853957238647526,0.11424237340001797,0.10510784667442574,0.020538283278219716,3.2783640317442098
298,91.86411767456661,True,Social protection policy,Social protection policy,0.782274142542188,True,0.0995022809754362,0.15355626375451292,0.1878162897303144,0.006885429929199355,4.64771642031639
299,60.93131669779197,True,Social protection policy,Infrastructure investment,0.8255753917780628,True,0.05222831593432057,0.09195077747662761,0.062193409838283586,0.028654918455210787,3.1813071636147203
300,97.23492969026265,True,Social protection policy,Infrastructure investment,0.7944538616441722,True,0.05402127952574087,0.15072764319879894,0.03313242992456766,0.005214405216726434,4.894470478658959
301,76.22066670638428,True,Social protection policy,Social protection policy,0.8171898712034156,True,0.06853778430929745,0.15783348514661466,0.0741438402086077,0.007904919727318702,3.0116199667879817
302,115.1964555949145,True,Social protection policy,Infrastructure investment,0.8567460936451717,True,0.052198338643977285,0.1413937247038114,0.03329171100886419,0.008008749541244913,3.557887715390481
303,91.16259618337835,True,Infrastructure investment,Infrastructure investment,0.7790416030296551,True,0.052766800856460336,0.0717979643716633,0.11057381934864219,0.002312019277305691,4.39901195841101
304,68.27429987503618,True,Infrastructure investment,Infrastructure investment,0.9085669176846228,True,0.06800729417158538,0.13417355342739212,0.08048470153909526,0.023367274634061436,1.884885012810287
305,63.484424573913266,True,Social protection policy,Infrastructure investment,0.8141159196961737,True,0.03353580643925084,0.0722673310004237,0.02809711750621996,0.01701087403073427,3.0784208970556177
306,140.62219379422223,True,Infrastructure investment,Infrastructure investment,0.8149740928686434,True,0.051690380506629316,0.08717878873355378,0.09370503834905963,3.250469058919958e-05,5.239967964054529
307,78.915214157018,True,Social protection policy,Social protection policy,0.7371484297740246,True,0.05991463985534784,0.15956441554291945,0.03729869859772572,0.012838125353072286,6.012892566282178
308,90.85324203763204,True,Infrastructure investment,Infrastructure investment,0.8025064892484428,True,0.020589774143292588,0.03320235126878013,0.03725391872126815,0.001607939511475781,4.107393144475443
309,84.34021914322375,True,Infrastructure investment,Infrastructure investment,0.8056312362557099,True,0.0383241592259842,0.02648726403331736,0.09805062234153594,0.009596670916091385,3.6675358423044373
310,62.35606754268076,True,Social protection policy,Social protection policy,0.8584539904043059,True,0.06382279408224811,0.0955287550752752,0.11667505456410188,0.011175969648491314,2.524956580502882
311,90.1541549456688,True,Infrastructure investment,Infrastructure investment,0.7492291591888359,True,0.02070592979255704,0.020153217378306998,0.04714046221304169,0.005177074682600945,5.087122522612392
312,109.70981216077652,True,Social protection policy,Infrastructure investment,0.8742722227108933,True,0.08353037323384674,0.23992461707263502,0.031766467082887884,0.020665222162940686,2.7223440736104063
313,71.0116166053292,True,Social protection policy,Social protection policy,0.7932698352372933,True,0.05252018468775689,0.12082366980709652,0.02876356234185351,0.03423341425819908,3.3120575774522965
314,91.96794096597914,True,Social protection policy,Infrastructure investment,0.8903314506739386,True,0.029648033241602475,0.08058586994833095,0.014289669803745797,0.008892576593531917,2.602344375955921
315,84.24691665164791,True,Infrastructure investment,Infrastructure investment,0.9066926373019325,True,0.027313849699594522,0.04452478915889657,0.04674335794052087,0.004330326849163388,1.8910883961081182
316,95.92997595585855,True,Social protection policy,Social protection policy,0.7929550769736945,True,0.04116758005162407,0.08813533722146377,0.045116142258126324,0.01083505070109414,3.834379589567989
317,135.08504472733233,True,Social protection policy,Social protection policy,0.760614735187181,True,0.028210794617079142,0.07956415933224964,0.01651224984995814,0.0026613719775692157,5.967130797507503
318,94.11148090114722,True,Social protection policy,Social protection policy,0.8035434197939952,True,0.0951109262343963,0.17501065866882115,0.1566618152373458,0.0012157679142201054,3.8459043326626055
319,116.37066991149383,True,Social protection policy,Social protection policy,0.8926018865779554,True,0.059656604793686764,0.15874268945650916,0.021857081683346213,0.02819834563804828,2.286206870881103
320,77.02585368685878,True,Social protection policy,Infrastructure investment,0.8070283286520028,True,0.04955341511880319,0.12679608565476702,0.038765749139379024,0.007875118121665144,3.099474442751527
321,90.18577149507091,True,Infrastructure investment,Infrastructure investment,0.732582157180586,True,0.019042268503793487,0.02337986002474568,0.042830007448644514,0.0004380722898870079,5.415980142048789
322,65.79286928626212,True,Social protection policy,Infrastructure investment,0.9053319870196579,True,0.04268015923463681,0.10978211596803844,0.02805581415190217,0.011542627201288229,1.9375080551530353
323,123.44369328924213,True,Infrastructure investment,Infrastructure investment,0.8767343534978124,True,0.06172976531406398,0.06784720263676014,0.1467319224059609,0.0014750535565029102,2.6355524756317408
324,53.16828430036135,True,Social protection policy,Social protection policy,0.8135801434161487,True,0.02513326446703699,0.01262705629761951,0.06888101051097562,0.006458358826034356,3.363090937995127
325,64.74273480465818,True,Social protection policy,Social protection policy,0.8025998904264001,True,0.04766544955625301,0.05322058565555182,0.10647789702577437,0.00713059076555933,3.673113281829454
326,73.06222212691424,True,Social protection policy,Infrastructure investment,0.727300927292535,True,0.027434168777124682,0.05616780867086518,0.03589469654120314,0.003957085507868066,4.589188659444293
327,136.7064204172315,True,Infrastructure investment,Infrastructure investment,0.7765205247719502,True,0.06973467870395036,0.14006820396089992,0.09888212769235138,0.00512104381057496,5.739260191436424
328,86.20416217277042,True,Infrastructure investment,Infrastructure investment,0.7940292505605275,True,0.04929094538662976,0.03833581988423751,0.13023205315167918,0.003950435817287462,4.512725301051026
329,80.16120134042268,True,Social protection policy,Infrastructure investment,0.8136035861850709,True,0.035170522238360036,0.0736818112776052,0.02250973891350838,0.02690527764314654,4.16766952853771
330,81.61087478105941,True,Social protection policy,Infrastructure investment,0.7470909950034774,True,0.054886418540960595,0.13926299133084752,0.038668493130002535,0.014170980432512012,4.182182200155074
331,62.26177525791973,True,Social protection policy,Social protection policy,0.8730099612807112,True,0.023244595076102294,0.06394159634056024,0.011053710589603694,0.006360775836194092,2.2403916524820744
332,107.74176410627973,True,Social protection policy,Social protection policy,0.69630088149312,True,0.041243913805624,0.09235033807202397,0.03901147496456725,0.01299188528309278,6.949064926534397
333,92.38048378351226,True,Social protection policy,Infrastructure investment,0.7864443452072425,True,0.08414578200583119,0.16195573631807292,0.10507851687883063,0.02747598382350555,4.419789108953136
334,96.19622496507272,True,Social protection policy,Infrastructure investment,0.7443874059778275,True,0.0651103435498019,0.1996099994674288,0.02759580351491353,0.0006803994419643106,5.241894225564454
335,61.869210860746634,True,Social protection policy,Infrastructure investment,0.8765413848920647,True,0.034535812572513834,0.09141543186944956,0.0,0.029459912134348877,2.2631177991493496
336,68.78904423587446,True,Social protection policy,Social protection policy,0.8534952289766674,True,0.034333209668766775,0.024437157858526626,0.07964381718252078,0.016085258799636293,2.479166616362669
337,62.81347726589053,True,Social protection policy,Infrastructure investment,0.7521417507836683,True,0.03395416245841985,0.09555502900815938,0.020013176876414462,0.0032713627198956152,4.267998764490787
338,97.62332299268695,True,Social protection policy,Social protection policy,0.8389482606731907,True,0.021135562920052347,0.03756937493363233,0.01903134766644743,0.017373747620103464,3.383728172232771
339,71.10283841513267,True,Social protection policy,Social protection policy,0.8690469620352268,True,0.04303866388428074,0.10128420233433633,0.04256886957174366,0.006782251688902584,2.3145477261660385
340,76.22271157238053,True,Social protection policy,Social protection policy,0.8010364185347326,True,0.036898747168526556,0.019394517798651645,0.09589715075910599,0.013853946532085312,3.624983626662407
341,92.93124396176952,True,Infrastructure investment,Infrastructure investment,0.8170325443027421,True,0.05756965896604411,0.09281436677070798,0.09662591423893574,0.012053525371510672,3.1422874999407084
342,93.01584948330797,True,Social protection policy,Social protection policy,0.932996117273584,True,0.04324100451093594,0.027573241587734443,0.10288815173112842,0.020882122469412935,1.265598098675186
343,68.58954983059455,True,Social protection policy,Infrastructure investment,0.7127698496665017,True,0.06697432101753904,0.09156121398545064,0.12546363245641884,0.017385277119517165,4.980018062993528
344,69.4650795070699,True,Infrastructure investment,Infrastructure investment,0.8667094594557467,True,0.060725106686158235,0.07604307476771432,0.0825059820979823,0.053988816535857215,2.2175206175031503
345,95.66544560188399,True,Infrastructure investment,Infrastructure investment,0.8535987689411112,True,0.02989749984265583,0.06858370342802733,0.027224619565691555,0.008832926455576526,3.220326650115964
346,67.36318521918056,True,Social protection policy,Social protection policy,0.8125634860702077,True,0.09917742816711962,0.15135282540119083,0.19280352166383508,0.002964651519892794,3.5931043800808933
347,86.74836242815255,True,Social protection policy,Social protection policy,0.8495196360797634,True,0.10035351665775662,0.10585475817202467,0.21065096410787043,0.0347315860222531,2.766006690634105
348,73.21904094328484,True,Social protection policy,Social protection policy,0.7673477619830713,True,0.042850600836256865,0.09421938172179284,0.049907886934774215,0.005849834270331963,4.202612402100895
349,61.50180804049431,True,Social protection policy,Infrastructure investment,0.7685775631055607,True,0.02546881087097214,0.06441276932061646,0.006641800677099741,0.01808626805068629,4.143965307549676
350,98.46142985975484,True,Infrastructure investment,Infrastructure investment,0.7824471047109696,True,0.01584605001501376,0.04677661279707235,0.0,0.008684562255475821,4.745203338001553
351,91.79746293439251,True,Social protection policy,Social protection policy,0.7900492600496779,True,0.04751941875937662,0.0462871290953179,0.1056481260176052,0.014382710544895067,3.834665423488919
352,110.39712337151417,True,Infrastructure investment,Infrastructure investment,0.8231951109555947,True,0.018738000461693157,0.012904339164016232,0.0422947598427168,0.010383902609193016,3.912490224487374
353,70.94527582514277,True,Social protection policy,Social protection policy,0.8325479245656691,True,0.06685653467471146,0.16969460647571266,0.05971249309485516,0.004590771790922293,2.7398608425182442
354,109.25613022691603,True,Social protection policy,Social protection policy,0.797604393363341,True,0.00846284803380219,0.01986560647305846,0.003652587925548678,0.006101773719700526,5.036536530061883
355,84.7276806040573,True,Social protection policy,Infrastructure investment,0.8283090442420964,True,0.057919412358874954,0.15423099451203004,0.036374726262292406,0.012112222481739918,2.8779889947137023
356,75.8713882851173,True,Social protection policy,Social protection policy,0.7245275381837442,True,0.034113097137651524,0.026512114596507708,0.08224765723783278,0.010636068147439837,5.7294286354672295
357,101.7983723241951,True,Infrastructure investment,Infrastructure investment,0.8819910989772441,True,0.043912719465297255,0.07034517576027188,0.0719650370724011,0.011384305295867439,2.3774763126768614
358,58.59245837903793,True,Social protection policy,Infrastructure investment,0.7550395632409516,True,0.028442938371682106,0.05510080940840034,0.02278986402656663,0.0216596108659204,4.292781801719217
359,92.17000929043088,True,Social protection policy,Social protection policy,0.8234694251951544,True,0.03410696107333627,0.10470983799691191,0.0,0.014664525759765033,3.2296795120577775
360,65.91369923941484,True,Social protection policy,Social protection policy,0.7465847906014744,True,0.054189615890486494,0.11035808164286665,0.06302681421334688,0.01627875976048919,4.647303988522726
361,59.91846513049505,True,Infrastructure investment,Infrastructure investment,0.8173688199522916,True,0.03503327279884582,0.0759546425878726,0.03593670791790282,0.010725104290184938,3.109290060816691
362,80.09039100899845,True,Social protection policy,Infrastructure investment,0.8102593735030414,True,0.06577589893255932,0.1796366349813141,0.043191585916832254,0.007387425365811259,3.724562265317146
363,93.15343640204817,True,Social protection policy,Infrastructure investment,0.8580583851593759,True,0.05383763046223411,0.1603248098019145,0.02339430818033017,0.0047125886355747285,2.950458386570707
364,77.10471850324141,True,Social protection policy,Social protection policy,0.8017792249397855,True,0.038457917055949704,0.06959616721155404,0.06433522406507686,0.0006713184191930802,3.7945237384367245
365,76.77087703783559,True,Social protection policy,Social protection policy,0.8532625771977629,True,0.054780263967086844,0.11978414413520744,0.05808036262109062,0.013866417128505906,3.4666413189993683
366,103.4316547572993,True,Infrastructure investment,Infrastructure investment,0.799651861965914,True,0.038008024241132775,0.09199753104289243,0.014584408602318466,0.026446145198753823,4.31803323226957
367,90.08322498152,True,Social protection policy,Social protection policy,0.769364525737847,True,0.05114578373495695,0.1008070313892897,0.07542796611568614,0.002775245567373491,5.096982901915783
368,118.16836745347044,True,Environmental and research-oriented policy,Infrastructure investment,0.7416330336757769,True,0.06535209293994144,0.13185990604243408,0.0964133301315161,0.0004590891158448712,5.646783508523351
369,85.96531392001968,True,Social protection policy,Social protection policy,0.8184049679679851,True,0.13829122902763993,0.18579206525006053,0.2964695157517785,0.0017577205949007718,3.59596402358544
370,57.00847466270895,True,Social protection policy,Social protection policy,0.7964174400564394,True,0.03940630359477958,0.08751698986434397,0.04092361243470044,0.009481460282684123,3.725962573987916
371,70.78547698015066,True,Social protection policy,Social protection policy,0.8605912590582481,True,0.01569594490411686,0.01962109384693156,0.028509902673104826,0.006804810644372633,2.4088014825393738
372,90.71148049794829,True,Social protection policy,Infrastructure investment,0.8417966552885588,True,0.05813213723507401,0.10268652595181088,0.05338350069577924,0.04739245367516891,3.1047383419624834
373,89.67708324559062,True,Infrastructure investment,Infrastructure investment,0.7292006300071775,True,0.032351675835936955,0.017548600130568914,0.055648381363913424,0.040033883931297004,5.195651308407379
374,137.32482705806933,True,Social protection policy,Infrastructure investment,0.9055258506283344,True,0.09171483647744148,0.1833282036221635,0.10178765486035224,0.03588606918852946,1.9417364317392607
375,63.325602768499834,True,Social protection policy,Social protection policy,0.7626992842731921,True,0.100829642062861,0.1670808319250122,0.17532912446072713,0.010493790834274166,3.689864738495239
376,79.03868398121998,True,Social protection policy,Social protection policy,0.7886201218517085,True,0.10406971228694571,0.25389667742150024,0.09780294484322849,0.01254437073958125,4.008607325839416
377,111.54081551959383,True,Social protection policy,Social protection policy,0.7362769051349978,True,0.038105255100891675,0.09660369090620124,0.032082946179736616,0.00468175576718298,6.164957338963078
378,83.30459992453768,True,Social protection policy,Infrastructure investment,0.8341354728412729,True,0.03952305539224188,0.07199941792573528,0.062047114152379956,0.004284161794731359,3.5388419963396553
379,70.47606506638334,True,Social protection policy,Social protection policy,0.8437515325519216,True,0.06773008497821074,0.11901613148970125,0.09767868885276043,0.020360477081275946,2.7707233357382357
380,107.739039213269,True,Infrastructure investment,Infrastructure investment,0.8971655428036371,True,0.031068853004859946,0.01988817953715083,0.07750999299520622,0.011342812984652749,2.151869728614559
381,53.50295173625109,True,Social protection policy,Infrastructure investment,0.8728856902262321,True,0.05146930339739185,0.09648775701346979,0.06136672208947619,0.02228808278792549,1.890270791866007
382,65.16824099733344,True,Social protection policy,Social protection policy,0.8195624690415353,True,0.023173385441564175,0.05687317092306721,0.0066954182819630725,0.01753825984044434,3.159197105041117
383,66.73505309904712,True,Social protection policy,Social protection policy,0.8592223003719944,True,0.07148041167047546,0.19124265477142455,0.035972310717127365,0.022966475358112207,2.529056556841207
384,86.49720410297232,True,Social protection policy,Infrastructure investment,0.8243187929451252,True,0.029666749446150376,0.08484274167820371,0.015576936152875476,0.0034139452304471213,3.491034938264319
385,78.82451281832701,True,Social protection policy,Infrastructure investment,0.8320299465335201,True,0.0220744003334201,0.04083668951746583,0.02845840977228231,0.007965301877222213,3.1916992583067074
386,108.27405272558849,True,Social protection policy,Social protection policy,0.7962159972142544,True,0.06532790950123679,0.11906265434403474,0.10503940137705503,0.004545627533239019,4.806962759544887
387,72.81758683533255,True,Social protection policy,Social protection policy,0.8498628474512577,True,0.03338503987762312,0.031938177639864396,0.06678241443687638,0.018127047494940138,2.344066238186039
388,88.10973454783525,True,Social protection policy,Infrastructure investment,0.8424000219333829,True,0.06974455413585408,0.19118057013366652,0.04018811574438513,0.01273725359743761,2.980730069774904
389,81.72814179980185,True,Social protection policy,Social protection policy,0.9000266567085636,True,0.10111922078034585,0.20067953258922255,0.1322589314666106,0.020978808675377335,1.578194197407462
390,78.26499097671467,True,Social protection policy,Social protection policy,0.7687246605864101,True,0.014443511963974738,0.030911418228168952,0.010327261975903612,0.009313611669839017,4.2928950932788394
391,70.85796134213389,True,Environmental and research-oriented policy,Social protection policy,0.6884925352606178,True,0.07082794122112492,0.13945156850896562,0.10832225935309792,0.00012396641187367718,5.254904876804638
392,66.29658439375687,True,Infrastructure investment,Infrastructure investment,0.8302787234925567,True,0.04901258363338885,0.09754964114244635,0.0312618219653687,0.04273257960904592,3.0788361285012464
393,94.02683279170927,True,Social protection policy,Infrastructure investment,0.8217333666706094,True,0.05788968835540738,0.07011612233910658,0.12893460609811935,0.0035631808066999004,3.8358784660036807
394,99.5943952864246,True,Infrastructure investment,Infrastructure investment,0.8241886980788385,True,0.055275018059447435,0.11715166274824462,0.04481267608913153,0.03149822437068986,3.9818898537625365
395,115.50484776808212,True,Infrastructure investment,Infrastructure investment,0.7961546905208082,True,0.03140199463707081,0.048307659144724346,0.04021015538064654,0.021389166704376933,4.790579925730191
396,85.39297787577475,True,Social protection policy,Infrastructure investment,0.7892129702836335,True,0.036823118229102,0.09356336960978273,0.020362065422330544,0.014955478769743721,3.8056487209250704
397,103.7193739989527,True,Social protection policy,Social protection policy,0.8421298520824458,True,0.06979333633952066,0.14073262768747818,0.09535262029658664,0.008191429204257472,3.1212148788245635
398,102.5539511000067,True,Social protection policy,Infrastructure investment,0.8472475046122077,True,0.04073857001997725,0.10630479793779712,0.02097564677621877,0.015304550355904473,3.7246530990016584
399,67.97139830352282,True,Social protection policy,Social protection policy,0.9049860573548977,True,0.04114371482357245,0.04604259864930804,0.07436139333805492,0.02359900989514062,1.722514060179201
400,73.49863114094713,True,Social protection policy,Social protection policy,0.7613984741244401,True,0.030624227502975866,0.06758599483341965,0.030757103164325506,0.00884169826267038,3.7782435990713306
401,78.16839664845384,True,Social protection policy,Social protection policy,0.7336271030728738,True,0.05605711872077598,0.15664458525799013,0.03716367271104892,0.0023916575536768736,4.928551022453038
402,93.91586432859134,True,Social protection policy,Social protection policy,0.8184958112248394,True,0.018750525953681995,0.04478641331779498,0.01566753822989686,0.005172889290195146,4.404348142151424
403,78.67735846478158,True,Infrastructure investment,Infrastructure investment,0.8842707877899879,True,0.04327113543091452,0.034460005392900506,0.08385791758895356,0.033131051026346746,1.792447697152771
404,88.37298284390243,True,Social protection policy,Social protection policy,0.7879520546461904,True,0.031057486105691392,0.03406966738597972,0.04922340568326111,0.02540812830067904,3.838457613627921
405,89.23598697565527,True,Social protection policy,Social protection policy,0.7696165704740284,True,0.009167985614108032,0.010121888945467283,0.012902185585858428,0.0090638751180524,4.131968504595066
406,112.04770834260374,True,Infrastructure investment,Infrastructure investment,0.7814569406272716,True,0.031986415566333595,0.07529221451453216,0.033808603532493264,0.002851636435142163,5.468898605916041
407,128.78030055338934,True,Social protection policy,Social protection policy,0.825742981027012,True,0.05247104198618876,0.09144067843030812,0.08890015754837699,0.0033078109729755556,4.180282798803195
408,64.45550483901432,True,Social protection policy,Social protection policy,0.8341980425236506,True,0.026834507211430842,0.05447344504225454,0.010019965701496464,0.029427364496256936,2.5876948025120043
409,69.27664384116602,True,Social protection policy,Infrastructure investment,0.7875657823520861,True,0.04778958641486676,0.11434898047637654,0.05161069747292141,0.0013038745027357246,4.158762832222846
410,79.97663913563711,True,Social protection policy,Infrastructure investment,0.7682767084361254,True,0.03871124300218176,0.044796523575456715,0.07245227294836132,0.018240553983818145,4.1137801597182975
411,85.90382464123574,True,Social protection policy,Infrastructure investment,0.8004055968559578,True,0.05148057265449727,0.15359029759828313,0.023690267789201858,0.0029014389032554627,4.50047401419094
412,71.82579946953123,True,Social protection policy,Social protection policy,0.8137361606712706,True,0.028144510670858016,0.06435000536748203,0.02550337567039096,0.008652406310130069,3.4950437057655357
413,76.76990693965506,True,Social protection policy,Infrastructure investment,0.8530161532798869,True,0.09725037795110984,0.25101925961480664,0.0709267047206259,0.018430358493451905,2.464721727926654
414,76.978440951651,True,Infrastructure investment,Infrastructure investment,0.8089602968986593,True,0.04603947892953746,0.07740799559863398,0.08183329054306004,0.0018968901116870746,4.353160927892786
415,68.37754159164916,True,Social protection policy,Infrastructure investment,0.8669057010390858,True,0.0447740185699894,0.13718166180329977,0.015389013498332549,0.00413838969333059,2.50396436729675
416,92.07172425426221,True,Social protection policy,Social protection policy,0.8329025154908286,True,0.12639870055638874,0.21742246577653113,0.21711271030176515,0.007860275869064279,3.4257348068485727
417,77.58623208717408,True,Infrastructure investment,Infrastructure investment,0.9075110337721528,True,0.030050313788857648,0.041220167007330555,0.023604244971567434,0.04035168628210378,1.943799100711285
418,107.29991299616873,True,Social protection policy,Social protection policy,0.7714177478843302,True,0.07591519453057646,0.17501749089030383,0.08922846795625194,0.0014572220104618339,5.009555797796816
419,82.48973205137901,True,Social protection policy,Infrastructure investment,0.8548899588957748,True,0.05794803515808906,0.11345275278509437,0.07345531551896844,0.015910054749248885,2.436412937298816
420,95.09907479213882,True,Social protection policy,Social protection policy,0.7350071686433185,True,0.019187495444654153,0.04097223122824928,0.018247482331451348,0.007936520496588911,6.57932978762819
421,70.03225330469581,True,Social protection policy,Social protection policy,0.7873598436073292,True,0.06496189440235225,0.08712510259363948,0.13647891186171912,0.0037626159528742972,3.9937281359995103
422,112.20614328887388,True,Social protection policy,Social protection policy,0.8422286920292088,True,0.0752486977163983,0.1980859919652359,0.05441864692483145,0.010865803117326718,3.886238230048048
423,54.71577115067365,True,Social protection policy,Social protection policy,0.8086876055350712,True,0.07731432006427165,0.1335700978963395,0.12158501838418626,0.015445003944425002,2.579184934083784
424,108.95246244958153,True,Social protection policy,Social protection policy,0.7908900121367236,True,0.008636945810050882,0.025368753702470603,0.0006182451796398203,0.004242311453067665,4.43781983052635
425,78.32097205199334,True,Social protection policy,Infrastructure investment,0.8335395729111261,True,0.018739373794269314,0.020147702786791122,0.03854335420710875,0.006896751286042724,3.158321445588523
426,71.60563410728827,True,Social protection policy,Social protection policy,0.9016495404855656,True,0.09456494144199704,0.17552497170570502,0.13954254041855108,0.01590978292273353,1.5493762327373473
427,54.18680385267483,True,Social protection policy,Social protection policy,0.8199012311741807,True,0.09156527610485739,0.26552865626446875,0.04366683730306517,0.01128297279946689,2.614015762104224
428,67.34765879995912,True,Social protection policy,Infrastructure investment,0.784059734543716,True,0.004626242221400672,0.007508376293285712,0.0,0.00868347148161664,3.7074872481510472
429,91.17436750848238,True,Social protection policy,Social protection policy,0.7661058842437426,True,0.036739618834060246,0.08223345443821906,0.04241105756069974,0.0039441539202920844,5.1014470459482135
430,95.25522644580981,True,Environmental and research-oriented policy,Social protection policy,0.6883651236665613,True,0.05908033087253758,0.06904302366994103,0.13434447124141546,0.0033936631425250247,5.660276981553064
431,88.65828791496655,True,Social protection policy,Social protection policy,0.7537352803681135,True,0.0764194637179747,0.13629213697110154,0.12488064066236326,0.006295345379446676,5.24632685951617
432,84.32712050068011,True,Social protection policy,Social protection policy,0.8722074610476642,True,0.08472737636982797,0.16422697055834656,0.10287912130078924,0.029439725435262076,2.649564459020495
433,72.88400591061361,True,Social protection policy,Social protection policy,0.8014842242487001,True,0.10305647278907171,0.23748405168021802,0.1180201972313828,0.005193405850150143,3.955686567865742
434,91.33499566561326,True,Social protection policy,Social protection policy,0.7290887721103044,True,0.025810382780359097,0.07354386984951916,0.01440473584376889,0.0023877340379687834,5.00472694031193
435,92.30218185226167,True,Infrastructure investment,Infrastructure investment,0.8967081145783874,True,0.07106080612439851,0.02970308296929014,0.21694590528842395,0.0020638331776806976,2.355762475927345
436,77.28783866577083,True,Social protection policy,Social protection policy,0.8162851872002919,True,0.0537906558633651,0.11112286647966119,0.06960746119786737,0.007536967844249287,3.0480805412449286
437,56.16865189812662,True,Social protection policy,Social protection policy,0.8377825731210107,True,0.04814388006827937,0.11847886377528916,0.03223301367684034,0.017791702786848308,2.4632122251120325
438,86.23065671922961,True,Infrastructure investment,Infrastructure investment,0.7928860950566416,True,0.032140277236511076,0.06031212194263014,0.03611743747813678,0.016061410907021845,4.766916207783325
439,78.40012156392078,True,Social protection policy,Social protection policy,0.8356334336022758,True,0.02276934885100449,0.03908930529907961,0.03179235646826495,0.00881105921117116,2.942477920378763
440,95.32759075703818,True,Social protection policy,Social protection policy,0.8032038452728898,True,0.047220320468917186,0.10050674304665475,0.06134671355579746,0.0034176650387579555,4.353716566337542
441,66.56683845143999,True,Social protection policy,Social protection policy,0.7798310415613318,True,0.06803275199630365,0.07108430105328278,0.1647810053750136,0.0022493255587663907,3.921790263342369
442,66.73860019855053,True,Infrastructure investment,Infrastructure investment,0.8214430705316694,True,0.03567799367329296,0.017173335026739456,0.1014600419133207,0.006239600916465207,3.194093265419372
443,83.3616875492369,True,Social protection policy,Social protection policy,0.7715890538239703,True,0.15044519770096007,0.20656282729365905,0.31586209335533355,0.004133271304367733,4.418737780853627
444,90.50033211639337,True,Infrastructure investment,Infrastructure investment,0.8643874513998655,True,0.04534613538080481,0.06725441944167954,0.06418413603482631,0.027272918356310988,2.580137148454183
445,69.96365186721732,True,Social protection policy,Social protection policy,0.8469070045782296,True,0.03889213083793198,0.06660805066041703,0.052593850979641754,0.01692055629270315,2.7813425797708637
446,132.60735660745496,True,Infrastructure investment,Infrastructure investment,0.7427807012025777,True,0.02525235643300126,0.03711683880002792,0.028749390311352985,0.022517018404123512,6.2180193744646814
447,113.09601045411493,True,Infrastructure investment,Infrastructure investment,0.8047625040920492,True,0.025116521682807837,0.022295279276763447,0.06483458597397995,0.000777960639084023,4.20816467477906
448,61.87275694191769,True,Social protection policy,Social protection policy,0.7486713096221219,True,0.04975730844783731,0.06871641223120828,0.057412994196794076,0.04802117313942822,4.321926113940652
449,77.99777118216781,True,Social protection policy,Infrastructure investment,0.8007266393020217,True,0.05916065087572136,0.07710055588852072,0.11480457529910393,0.015157146877400093,4.033908463396617
450,101.92450772861322,True,Social protection policy,Social protection policy,0.7297347627694496,True,0.0303921656371402,0.08678790407509723,0.019126834958167777,0.000457840696725699,5.39565414399051
451,102.56987769934145,True,Social protection policy,Infrastructure investment,0.7650034646596501,True,0.0514217760941625,0.09273861274108336,0.06926245721399932,0.01797514637448608,4.723862724111045
452,79.33051801124036,True,Social protection policy,Social protection policy,0.8066333230843387,True,0.03626824089642725,0.08001442556367733,0.02758113234811066,0.01934328522570737,3.702865713939051
453,69.80387765219285,True,Social protection policy,Infrastructure investment,0.9006848616533463,True,0.045201589467919426,0.0684699985257905,0.07547908386612712,0.014256480745800392,1.5061039974842851
454,64.82412099401864,True,Social protection policy,Social protection policy,0.7630381298984817,True,0.07356484450156564,0.07037113620993174,0.1762173247262137,0.01088849481933428,3.593662907463936
455,81.21674472901103,True,Social protection policy,Social protection policy,0.8432288888303887,True,0.04111629598025659,0.07011534454815538,0.0584483630111039,0.015343328371638792,3.0854998395367446
456,91.37924823015243,True,Environmental and research-oriented policy,Social protection policy,0.7375539135557143,True,0.054938518648499,0.07804267406835796,0.11382728537844689,0.000414855822941651,6.128533309116339
457,90.81686878076607,True,Social protection policy,Social protection policy,0.819378681901633,True,0.0630799043455885,0.15230696947125016,0.055052567479284664,0.013420128259024923,3.6085961595461282
458,95.25436614953017,True,Infrastructure investment,Infrastructure investment,0.8773124836347423,True,0.021923914027135314,0.04096072859897937,0.009258408264016249,0.02651456223197799,2.6693658967012284
459,118.02805468388772,True,Social protection policy,Infrastructure investment,0.7918310977437402,True,0.07364624970368229,0.17267390180032283,0.07003593471079816,0.015052037451767017,5.287732160734606
460,84.64858479906765,True,Infrastructure investment,Infrastructure investment,0.8228687491443072,True,0.02016992524292934,0.03400165446364345,0.034143502186899266,0.0024495816997099767,3.600081380803091
461,96.67574059399156,True,Social protection policy,Social protection policy,0.7754326399964111,True,0.050137335468033235,0.08275531592966656,0.08083842105108974,0.011886937157360028,3.939720877904488
462,55.29430530271992,True,Social protection policy,Social protection policy,0.7876267784000067,True,0.03765659421245248,0.08192117987693115,0.040742590200006146,0.009134309666646384,3.6587968874591064
463,118.77219137162517,True,Infrastructure investment,Infrastructure investment,0.8166986392434346,True,0.029937776567987205,0.022391607968306082,0.049245234150721906,0.03314537586892723,4.138057966810302
464,94.82556927583094,True,Social protection policy,Social protection policy,0.799723768152377,True,0.035581438707280144,0.08831301521405976,0.022157045904063644,0.014064974357357103,4.363704832592381
465,77.57339351023566,True,Social protection policy,Infrastructure investment,0.8793668056062511,True,0.050692242719557475,0.10105654763214633,0.03624811208155043,0.04011818980475439,2.527997438988818
466,61.77761853042396,True,Social protection policy,Social protection policy,0.8325360046491026,True,0.09250067458199056,0.16439221189983555,0.1379073952722667,0.02145275386486474,2.9330250721288893
467,58.464796634836304,True,Social protection policy,Social protection policy,0.7723503464651911,True,0.03108250087505623,0.06729288394277833,0.017715633927698426,0.023780235192220056,3.124276428739549
468,82.95130487139882,True,Social protection policy,Infrastructure investment,0.7981187578288796,True,0.020864246547986777,0.053516525490421185,0.00839598060345853,0.011112356824074007,3.8154338326021793
469,78.68330404485835,True,Infrastructure investment,Infrastructure investment,0.7931149960906282,True,0.10018194074015249,0.21228553854824284,0.13344855005694606,0.004902703985344786,3.7594564058209734
470,89.89026165640567,True,Infrastructure investment,Infrastructure investment,0.886106981465735,True,0.02231248004784078,0.030637511760527203,0.024029726705030563,0.023426441701884966,2.363399343675409
471,93.81104637960794,True,Social protection policy,Infrastructure investment,0.8060978991421278,True,0.07618148167475229,0.19471298110281499,0.06493110391920787,0.006991100839610215,4.672764359854187
472,81.92237534803361,True,Social protection policy,Social protection policy,0.8057894372364741,True,0.019245656257277748,0.0496706139345196,0.007313584124671757,0.010375598841280753,3.9313759294913817
473,80.08334145044017,True,Social protection policy,Social protection policy,0.7983584377783053,True,0.02709955789107981,0.06775632649691832,0.016642451738820563,0.010449674383040453,3.5844039119664917
474,99.31287833168176,True,Social protection policy,Infrastructure investment,0.766653270748945,True,0.09100158338174866,0.19742139645066636,0.10880690004393756,0.012277245341516377,4.203686625392101
475,87.65416694114523,True,Social protection policy,Social protection policy,0.7663464502683968,True,0.07259858770389216,0.19553282240484204,0.057338515102935084,0.0012237194558454081,4.5289114908398584
476,97.84261382640773,True,Social protection policy,Infrastructure investment,0.8469112707241848,True,0.0298493198579183,0.08430454417290956,0.011707776876673348,0.008460298453131145,2.9610634046374384
477,72.19620667364089,True,Social protection policy,Social protection policy,0.7946845657718747,True,0.039406421589569605,0.07342093614359924,0.0537688023813549,0.010732737038539497,3.486217557967903
478,59.95998363463389,True,Social protection policy,Social protection policy,0.8737369468003566,True,0.15265842126273327,0.2681127540994199,0.2596634617116791,0.006528258608467431,2.3217811277711156
479,151.88229668832165,True,Infrastructure investment,Infrastructure investment,0.8679102507337128,True,0.037383037204776114,0.052471628569975004,0.05879520793898163,0.019573793707759773,3.1881072436269737
480,81.51581237200665,True,Infrastructure investment,Infrastructure investment,0.8355446578904027,True,0.01569119031641105,0.017662168932574884,0.026284505438354755,0.010972491736509035,3.3168026131223005
481,87.07367465164971,True,Social protection policy,Social protection policy,0.8628613321103301,True,0.013549184250531568,0.03132715953751669,0.0026001893073226423,0.013494796032021153,2.586073490660281
482,79.21671876035147,True,Social protection policy,Social protection policy,0.8645798941420824,True,0.025137439892039665,0.06195346564694326,0.024781952424503706,0.0012456215506918573,2.2415068209819404
483,81.52474299628688,True,Infrastructure investment,Infrastructure investment,0.7305955045990081,True,0.045094089131596925,0.0783072495814705,0.06333121751676468,0.01619084486235406,5.1866809646550855
484,68.38853624798637,True,Social protection policy,Social protection policy,0.8345095247950263,True,0.10219152688551601,0.16973133948683156,0.1780553628329099,0.009883641779564592,2.759654888775242
485,83.75027594380589,True,Social protection policy,Infrastructure investment,0.7704971442453912,True,0.04506977317833335,0.11944810484797408,0.02941764250715595,0.008878458769036708,4.690524516341465
486,115.49638998526532,True,Social protection policy,Infrastructure investment,0.8353550234780335,True,0.05643339791608309,0.1404875366611399,0.034575210112815113,0.0224541459323358,3.3083213208754656
487,112.23672365770707,True,Social protection policy,Infrastructure investment,0.8268069432688911,True,0.03541148380213991,0.10491115951681174,0.009436435867207327,0.009592597923470628,4.2784319281586525
488,92.3088351318377,True,Infrastructure investment,Infrastructure investment,0.8269475507228289,True,0.0182708217055477,0.009190145854865106,0.049593356093747154,0.005164374020804691,3.799984452028907
489,107.03945995682348,True,Infrastructure investment,Infrastructure investment,0.7725979374512716,True,0.04900464949033899,0.06901053534224832,0.09332612421029052,0.009179613663647598,5.238383681976827
490,67.71120613489646,True,Social protection policy,Social protection policy,0.9073732071026677,True,0.04640550037055048,0.08820663256705297,0.0661077913632181,0.008104827366655642,1.869816484479625
491,101.02409967600889,True,Social protection policy,Infrastructure investment,0.8868759738134918,True,0.08155163114702708,0.20182025571260576,0.06056063595617622,0.023049817345812816,2.3573694146589506
492,63.33113330835721,True,Infrastructure investment,Infrastructure investment,0.7561069928486095,True,0.031466389020472205,0.020336860714321503,0.0636202769773846,0.026175223879946627,4.492565711316589
493,68.97686219789344,True,Social protection policy,Infrastructure investment,0.8885156265428233,True,0.0314431088053515,0.061134478330127306,0.02007891640704651,0.02883748608155643,1.958526252380934
494,83.22363458658269,True,Social protection policy,Social protection policy,0.8409021735898626,True,0.07613584861687196,0.21564560560185975,0.03295693331142702,0.017872931245765118,3.2151183001901105
495,108.86796421917174,True,Social protection policy,Social protection policy,0.8661786453840074,True,0.06880203686949249,0.08832539504696979,0.139603314359946,0.012878419636307932,2.648260148327059
496,50.36245939389513,True,Social protection policy,Social protection policy,0.6741800417250268,True,0.05415500426112653,0.15074599410124306,0.03084794628441062,0.007948574528289162,5.054025612468078
497,56.768865515998115,True,Infrastructure investment,Infrastructure investment,0.8559438275564915,True,0.043568958338796246,0.06716256848756874,0.08008407069435769,0.005244715003860409,2.5170434983193597
498,88.45954864388162,True,Social protection policy,Social protection policy,0.8349733163954526,True,0.07015307199977992,0.1631693808366646,0.0682577865787567,0.014108584583808446,2.8477209895226925
499,68.17833720145089,True,Social protection policy,Infrastructure investment,0.7938739985258553,True,0.022802972891639663,0.03556262442735375,0.003699884868630876,0.040547895824754196,3.284186143187612
500,63.33703926015379,True,Social protection policy,Social protection policy,0.7232747148176552,True,0.0330145293314546,0.05783402988017694,0.05266159946851767,0.0050552233113964895,4.647274356203713
501,58.582943580249406,True,Social protection policy,Social protection policy,0.7852876462028234,True,0.042005516734022814,0.1052056187797406,0.03511149187683604,0.006702197912503205,4.135305924340142
502,97.61082694679945,True,Social protection policy,Infrastructure investment,0.8535712859371111,True,0.02358988300442194,0.0630161022349991,0.00919583639675059,0.010352651883727103,2.964560645064101
503,79.29780042590725,True,Infrastructure investment,Infrastructure investment,0.862677006062298,True,0.03686927891304835,0.02129292191370996,0.09911173010263541,0.008637824179323857,2.608373323189831
504,88.68555342815043,True,Infrastructure investment,Infrastructure investment,0.8120734328692047,True,0.04143336545541609,0.06319602810983138,0.07007808084940398,0.011742670134720933,3.595239148985583
505,94.25111973231749,True,Environmental and research-oriented policy,Environmental and research-oriented policy,0.6243786061350667,True,0.06819358868339241,0.1743538293403769,0.057629023179257444,0.006694707872239081,7.18537869385045
506,71.79535705937025,True,Infrastructure investment,Infrastructure investment,0.8645810173595612,True,0.04089114163651445,0.0362272342857588,0.10162199003468264,0.005269771407359139,2.3668662096520365
507,73.0457748441089,True,Social protection policy,Social protection policy,0.724317365281149,True,0.04124747294786767,0.14005862619665177,0.0,0.004307529120885056,5.372781054666277
508,55.569463415740536,True,Social protection policy,Social protection policy,0.8092715260642789,True,0.05910367175491401,0.14441253085172212,0.041676881755575546,0.020773438534901392,2.930059127594175
509,61.97025770617658,True,Social protection policy,Infrastructure investment,0.8966401519531911,True,0.04092093239628767,0.09652127970204583,0.019334526839389077,0.027367456845571923,1.9033415051935607
510,100.70023195011049,True,Social protection policy,Infrastructure investment,0.8218141923866812,True,0.0331729064158031,0.08534384849094723,0.029739275652764352,0.0010220483115992718,3.9777669407380514
511,102.61687118008749,True,Social protection policy,Infrastructure investment,0.886583933739584,True,0.04192457945350272,0.09247382172274798,0.040803649184108726,0.01345855718040282,2.4026376390266724
512,89.75681438885933,True,Social protection policy,Social protection policy,0.829577139185202,True,0.05083105703659389,0.11331373147967483,0.05539745492332104,0.009197513225082707,3.9413128942634286
513,57.61919567517134,True,Social protection policy,Social protection policy,0.8368548612152231,True,0.05126655828384729,0.09175855167940783,0.06673995992846898,0.020934442385588697,2.5487934239834007
514,80.756470404312,True,Social protection policy,Social protection policy,0.7896680443407195,True,0.04839764795420095,0.040284860268443135,0.12148583154690007,0.007621076024360129,4.601151575805319
515,100.54437329289362,True,Social protection policy,Social protection policy,0.8259852087830206,True,0.044267218460273865,0.10671106923967016,0.03568815318775992,0.01253604218352844,3.760999024255915
516,83.65060707736464,True,Social protection policy,Social protection policy,0.7771302745591132,True,0.02354405881989332,0.04011213050419993,0.034962990668659044,0.007329084696767643,4.89343633097641
517,100.24920661778462,True,Social protection policy,Social protection policy,0.8192870841914832,True,0.07634290792447404,0.1601301255987116,0.09061705622746441,0.016452995909483126,3.4135168012728423
518,79.5905937162245,True,Social protection policy,Infrastructure investment,0.7791459461144379,True,0.07725603466874582,0.1655558011534075,0.09454998890888078,0.010290331278322074,3.8568678061685526
519,78.08621696212286,True,Social protection policy,Social protection policy,0.889641280993311,True,0.036011351109509884,0.0931720954678048,0.02701852136240146,0.00584911205307833,2.3591579313673394
520,89.20583834226926,True,Social protection policy,Social protection policy,0.840882582161724,True,0.06496959804346654,0.14372605550842976,0.07959328044188008,0.004074257201823042,3.2881863001792464
521,106.66705668103339,True,Social protection policy,Social protection policy,0.8294640213061723,True,0.07637055191518452,0.1873381050229851,0.05527160165137013,0.024687225028790616,4.116540543660987
522,105.43797759124963,True,Social protection policy,Infrastructure investment,0.799810152361584,True,0.027106565899189788,0.07724088950902563,0.010939267044681511,0.006692824093457117,4.540723137307267
523,110.84135595796793,True,Infrastructure investment,Infrastructure investment,0.763808093795222,True,0.015290112135660712,0.03097606256820784,0.017902576667501113,0.004636753239103536,5.076151233441474
524,58.56459245456437,True,Social protection policy,Social protection policy,0.8808510982763721,True,0.03939752398864401,0.10120163817170225,0.022212270517866173,0.014477425270685622,1.907999776018376
525,87.52576905429686,True,Social protection policy,Social protection policy,0.8271990217217002,True,0.09334835853341834,0.19905634277615547,0.10106490350706526,0.026598008583743477,3.103297846469492
526,83.38530260565393,True,Infrastructure investment,Infrastructure investment,0.8621904905011624,True,0.020436594522696822,0.04625903847539414,0.013807264191932234,0.011461778162112496,2.511199503883725
527,58.51887606079062,True,Social protection policy,Social protection policy,0.910188166144125,True,0.05107698539841582,0.12300542324187538,0.03508194946788945,0.02068207618469053,1.4583466604437259
528,84.62967663089577,True,Social protection policy,Social protection policy,0.8631426381794691,True,0.08296844237693311,0.17806207923000927,0.09592401588556765,0.01640345320368894,3.2947815960271183
529,102.90237858519136,True,Social protection policy,Infrastructure investment,0.7792339113035648,True,0.03243630434411246,0.09939659696738401,0.01199553996111391,0.0021349282758956895,4.735508792648982
530,111.54619686354062,True,Social protection policy,Infrastructure investment,0.7563202683556725,True,0.08926628465507964,0.16206156308498398,0.14232018674366576,0.008050246464128968,5.67891200076753
531,105.71839569597154,True,Infrastructure investment,Infrastructure investment,0.8142763599009303,True,0.011726418501649674,0.03057293038858344,0.004593626080042712,0.0058759082871477075,4.079990611647659
532,86.42594454022971,True,Social protection policy,Social protection policy,0.7964855565259628,True,0.0169105359409503,0.027537573495674317,0.030361125693474045,0.001288176604177696,4.391898277030446
533,81.38394516460966,True,Social protection policy,Social protection policy,0.7804535058565862,True,0.06923849058166284,0.18705314708750648,0.041519310793291186,0.013762259155022286,3.7556556500428617
534,117.22846100465866,True,Social protection policy,Social protection policy,0.7514547930574704,True,0.09448234053070752,0.24107463424483405,0.0892941368513257,0.00031942076131658004,5.869385925247973
535,96.54543307057926,True,Social protection policy,Social protection policy,0.70456643807513,True,0.06572964822630535,0.1606173095697894,0.05469272379821788,0.01474373542406146,5.6481169156793465
536,62.56291242670494,True,Infrastructure investment,Infrastructure investment,0.8816480086857723,True,0.02337975443198621,0.03395776869803746,0.01779748505363743,0.03007388676027685,2.060828244194537
537,69.24648559911236,True,Social protection policy,Social protection policy,0.8491366166540054,True,0.05115747707319196,0.09180729192125003,0.061563529315065424,0.025680348519856386,2.373117410050871
538,69.3488688140371,True,Social protection policy,Social protection policy,0.8153393983795005,True,0.03508760163487408,0.0915484145996488,0.022785015100432404,0.008473176021978085,4.075062845502063
539,72.95798123807495,True,Social protection policy,Infrastructure investment,0.7548091537359098,True,0.04726579246812903,0.142238002197423,0.020961736948572063,0.002230534492456561,4.9999746478292355
540,56.71825370294268,True,Social protection policy,Infrastructure investment,0.8385943183686324,True,0.06383585600452873,0.1447947346295675,0.05383441556297397,0.024796345823309113,2.65713515610291
541,53.08769559058374,True,Social protection policy,Infrastructure investment,0.8769978805981284,True,0.06182465325404209,0.12000227740790825,0.06925227817719481,0.02713173080404427,1.7417385200043114
542,94.72350729895325,True,Social protection policy,Social protection policy,0.7641703933464867,True,0.04357656261023807,0.06895807712094415,0.045963690477710706,0.03759620153717838,4.6764569230896695
543,114.8372554141285,True,Social protection policy,Infrastructure investment,0.7640956551114196,True,0.023326119182181138,0.024297919826762326,0.05207272543454389,0.005270771876327768,6.483255165525397
544,77.27299161516878,True,Social protection policy,Infrastructure investment,0.7360259543777183,True,0.03282008336753217,0.06993676892068079,0.02686844431562363,0.018065078550058178,5.870491097877849
545,111.84452965684942,True,Social protection policy,Social protection policy,0.8419117969309291,True,0.0678839549080976,0.17944336871017297,0.0441886205507791,0.013961852917389488,3.5310773429399966
546,69.87293837645828,True,Social protection policy,Infrastructure investment,0.77807496033475,True,0.06513866367780272,0.1575461956308195,0.051782915359847026,0.01865621188164296,4.1061216086966175
547,92.39727728714597,True,Social protection policy,Social protection policy,0.8358273612806053,True,0.03869125470952756,0.09499719816379315,0.03852938513671178,0.0018928081828415363,4.0674465217349915
548,80.33020898778472,True,Infrastructure investment,Infrastructure investment,0.8678356228338128,True,0.030859874553519358,0.05423289208545412,0.03470544053636604,0.019071228315497596,2.922236307934102
549,86.37644527729827,True,Social protection policy,Infrastructure investment,0.9164518054167058,True,0.05764693136854856,0.1628224191929003,0.023089041353154982,0.015852799243864683,1.6548721141322196
550,97.38107379078288,True,Social protection policy,Social protection policy,0.8690560966789852,True,0.06002363982427555,0.11469331443974978,0.08582977147732063,0.009559653467893989,2.839425900971552
551,94.64298028977362,True,Social protection policy,Social protection policy,0.8008366116097609,True,0.07851354186221039,0.11253115718907203,0.0914442994635043,0.07082193986516004,4.3826113789957555
552,76.86227385205292,True,Social protection policy,Infrastructure investment,0.7633209675943339,True,0.034268006746148244,0.06773872375658546,0.04148649253107678,0.010712807323856613,4.276599077386366
553,76.41496057677703,True,Social protection policy,Social protection policy,0.820246721164501,True,0.0845547445351306,0.158876832065532,0.13516361971290597,0.0019011540945191169,3.986267911019689
554,119.75025209879371,True,Social protection policy,Infrastructure investment,0.857400856466141,True,0.0729829926413228,0.0983361110845945,0.14003851308835624,0.017065850071679024,2.9658321399201757
555,103.64269849246595,True,Social protection policy,Social protection policy,0.7945578201693767,True,0.03713633007481792,0.08334627432990638,0.023719671365007855,0.02291120956694849,3.9753100372504684
556,95.94610377852192,True,Social protection policy,Infrastructure investment,0.7986096669654179,True,0.023738457282800624,0.039381371874079085,0.02094792257804634,0.022755306037676754,4.276110135423436
557,92.77658181436342,True,Social protection policy,Social protection policy,0.7702404530482547,True,0.1133591954697878,0.18820635214529202,0.20719488836666122,0.0013559436323040547,5.10954293661824
558,99.71808310786598,True,Social protection policy,Infrastructure investment,0.8286445614675563,True,0.023088110612531052,0.051016187607448416,0.02956619859391929,0.00022600094249098507,4.137797004319759
559,94.7792757244214,True,Social protection policy,Infrastructure investment,0.7994955323953117,True,0.023078590598814418,0.059425698227702495,0.01401379956760962,0.007335569300538344,4.37571197126948
560,76.84125958755861,True,Social protection policy,Social protection policy,0.8976654028449973,True,0.11004061708100199,0.221920383500194,0.15698485523075634,0.006236921052556632,1.8951824655125993
561,112.58807923718543,True,Social protection policy,Social protection policy,0.8637832943859058,True,0.08100726454625247,0.21333034312760157,0.05215684713330271,0.018038235650979326,3.6045789985172143
562,117.43892448718043,True,Social protection policy,Infrastructure investment,0.7945057089856755,True,0.101762605297383,0.10736965863233272,0.22333496769320682,0.02546449221530095,5.294260508931664
563,121.99215900762992,True,Infrastructure investment,Infrastructure investment,0.8745756233004525,True,0.020685994297409988,0.05423133612814712,0.014022964824083717,0.004146679088704121,3.612964084019795
564,120.98028567298955,True,Social protection policy,Infrastructure investment,0.875937095117597,True,0.08923124971898029,0.17761698262612502,0.09361758202968895,0.041074809360617,2.839482458034396
565,104.44434723661004,True,Social protection policy,Infrastructure investment,0.775301038908954,True,0.13485424236267013,0.3963419694700391,0.05653254348602538,0.01911533531328101,4.915093042135171
566,71.49794679695117,True,Social protection policy,Social protection policy,0.8554858117038467,True,0.05285510724006488,0.12515003519169,0.02745164702581193,0.032391193122725176,2.895359647723843
567,87.49993667742285,True,Social protection policy,Social protection policy,0.7203297227617305,True,0.02275217608717006,0.05050039899619735,0.020260629797579144,0.00887158751131871,4.899589410406539
568,62.98972990856891,True,Social protection policy,Social protection policy,0.8076008340705988,True,0.088446629317898,0.2553667030492065,0.05088519308509776,0.003311306478338716,3.4625978832292392
569,98.44741447707301,True,Infrastructure investment,Infrastructure investment,0.8865924564786483,True,0.06612257600616624,0.09377260917359309,0.13267812598437845,0.004978280863610296,2.7446634184106524
570,124.41991262571091,True,Social protection policy,Infrastructure investment,0.7591834759017043,True,0.007722521443159491,0.02235994887464987,0.0,0.004668876176408349,5.679700945680722
571,91.18403596247484,True,Social protection policy,Infrastructure investment,0.8742862445605625,True,0.011472733351378005,0.02864835782462516,0.005030571388454086,0.006475637516743772,2.590251654771859
572,77.65761455321915,True,Social protection policy,Social protection policy,0.8431217995845564,True,0.038959662263329156,0.08913947443318793,0.030985341387760768,0.01623400210070336,2.701125085845596
573,103.11355283676458,True,Social protection policy,Infrastructure investment,0.8537254288857322,True,0.12619180341915012,0.23718097181670772,0.19053673867986598,0.013953601470451694,3.291100420575536
574,62.926307350482446,True,Social protection policy,Social protection policy,0.7924710867146665,True,0.08838761650848505,0.16167585342513957,0.14234948780770418,0.005331316546853933,3.6520690864016445
575,91.37499833876622,True,Social protection policy,Social protection policy,0.7672195428682606,True,0.08229969831191301,0.13840168086708066,0.1321153852722462,0.017531877952368713,4.588306534936166
576,68.1673851222822,True,Social protection policy,Infrastructure investment,0.8384048370776784,True,0.057003994507299975,0.13699710798654519,0.0533587967224074,0.009158076066597319,2.681272416176054
577,76.95514655420119,True,Social protection policy,Social protection policy,0.6939896125680047,True,0.03207990174305386,0.0734066066140433,0.03519217720160028,0.003680872285044934,5.607860316708251
578,92.13336909767699,True,Social protection policy,Social protection policy,0.7977755920832083,True,0.06080138824069593,0.08342511294910504,0.11725275473511632,0.012126991158214404,4.257944233737102
579,49.40356537064972,True,Social protection policy,Social protection policy,0.7970895362612399,True,0.024771340130044915,0.0417793816277372,0.028919507211354,0.016000801616066,3.337073795788367
580,61.491487419270456,True,Social protection policy,Social protection policy,0.8133445636475143,True,0.05359310407735628,0.16493113576348867,0.02191593637373923,0.0007287921335190489,3.271559173725251
581,68.57561823657133,True,Infrastructure investment,Infrastructure investment,0.7749913223626947,True,0.03389284121710704,0.07049306775445163,0.03957745682497271,0.008554419680450301,4.500419603249817
582,80.97958914869017,True,Social protection policy,Social protection policy,0.809065092960542,True,0.06033845953313193,0.1435047469446259,0.056449476610021754,0.011230384811314116,3.4089256227313514
583,62.281353523427875,True,Social protection policy,Social protection policy,0.7618691545950432,True,0.04886654321797595,0.09376404007710865,0.07411665377322174,0.0031522074125854144,4.42274460368338
584,94.35784412649446,True,Social protection policy,Infrastructure investment,0.90088513582831,True,0.037533495586289094,0.07025454296329059,0.03748230609613579,0.023630385492585445,1.9231671190176978
585,98.91285954596059,True,Infrastructure investment,Infrastructure investment,0.8672146716259762,True,0.0077022655555359365,0.017625177571581663,0.0,0.009332751872794115,2.956508433637518
586,80.63892459651231,True,Social protection policy,Social protection policy,0.8746741587633514,True,0.11452296500879357,0.2360927366222674,0.14883342224439744,0.015904218664112665,2.228787749894126
587,73.43687243810555,True,Social protection policy,Social protection policy,0.7641007108589597,True,0.06211109308637915,0.14153358061219873,0.0638368716508042,0.012018373539324112,4.207830804626993
588,65.64761679732561,True,Social protection policy,Social protection policy,0.8729570702000321,True,0.039091461615095455,0.044769606173876764,0.08355078065631372,0.0084997288226436,2.02696833710096
589,78.94986778490002,True,Social protection policy,Social protection policy,0.7689441994261087,True,0.09725930518877841,0.2138804837637786,0.11321007046037879,0.013317013936567021,4.543125641609119
590,70.05386578793271,True,Social protection policy,Infrastructure investment,0.7749635476292098,True,0.0663205924155416,0.1830667946026952,0.04234326494150481,0.006712013910195616,4.245974012050805
591,87.37984464702441,True,Social protection policy,Infrastructure investment,0.794533749678862,True,0.05199988271983636,0.0791601750366498,0.08792545418682834,0.01491396029594913,3.2883800498314066
592,96.89739489579382,True,Social protection policy,Infrastructure investment,0.8299272124517911,True,0.05247345223727461,0.06514255306672434,0.10317583216290349,0.015338697600833319,3.419923929722526
593,88.22121778292147,True,Social protection policy,Social protection policy,0.850395889124766,True,0.07711121400139286,0.1367297350777782,0.11547827983971293,0.01768123408738389,3.015017992228021
594,105.66396841992713,True,Infrastructure investment,Infrastructure investment,0.8644260696857874,True,0.02290653821828415,0.03585762761577371,0.01823498168947868,0.026080274458742128,3.052808730068989
595,113.25055294392786,True,Social protection policy,Infrastructure investment,0.7994703359243125,True,0.04236476448972572,0.07306763039489061,0.06946409229936368,0.005744953019785726,4.7875020415564435
596,59.16726468918039,True,Social protection policy,Social protection policy,0.7949236275137157,True,0.03564760354452075,0.021062941681275815,0.10040799567819003,0.0032956750463567636,3.406158197356866
597,90.1220838497065,True,Social protection policy,Social protection policy,0.7134275821585435,True,0.06976174847085514,0.07931484745564799,0.16148732337350208,0.0033639488188429573,5.062731706115668
598,108.83285445573111,True,Social protection policy,Social protection policy,0.8340146552829469,True,0.08097970899870974,0.18241158426136717,0.09454689761037416,0.006470499623742736,3.8311454906597353
599,99.76881154451908,True,Social protection policy,Social protection policy,0.7528533864709634,True,0.04855538991889078,0.08463020531978693,0.07034464069749846,0.014969018698832326,5.0757357376038215
600,61.61267099809633,True,Environmental and research-oriented policy,Infrastructure investment,0.7155962515558921,True,0.051896577776171945,0.1242047113858884,0.050425063290962746,0.007008247539750656,4.840145971611204
601,63.31090660555392,True,Social protection policy,Infrastructure investment,0.7920226072169216,True,0.035129183410977705,0.05355646483123111,0.06386360175343542,0.005532075353755439,3.5994480996440488
602,146.8155781105095,True,Infrastructure investment,Infrastructure investment,0.7825875777525614,True,0.06002913374412485,0.006086663014278293,0.1784394843884387,0.025575820701719987,5.652096512857528
603,67.32303374304203,True,Infrastructure investment,Infrastructure investment,0.8575882793336875,True,0.06665717355320243,0.13996930237998384,0.08190794533247481,0.011422859723749831,3.0015566063244954
604,116.43402848489899,True,Social protection policy,Infrastructure investment,0.7914997339397016,True,0.08099564495676558,0.2070523984615379,0.06065319815842696,0.01577916072871466,4.719331403659542
605,86.16932088534858,True,Social protection policy,Social protection policy,0.7866640562166768,True,0.04659529152502349,0.090595623080927,0.0574552447907547,0.015032652465900492,4.3630493881817225
606,122.66334565979295,True,Social protection policy,Infrastructure investment,0.8650033834370987,True,0.027411098821501438,0.0895320404087867,0.0,0.006406805466468317,3.346915839843693
607,60.097729592423136,True,Infrastructure investment,Infrastructure investment,0.8574658888297714,True,0.04852395537483937,0.10311315723906361,0.04991402992603078,0.016806656646843374,2.253657119215514
608,83.09435591120216,True,Social protection policy,Social protection policy,0.7952352562311854,True,0.04643057864953811,0.025048671985395787,0.10283796366759979,0.03462038962038781,3.195315800751288
609,123.21251135192709,True,Social protection policy,Infrastructure investment,0.8040923745402667,True,0.0789540438173396,0.1296864098357522,0.1394399763196017,0.0072127672053347025,4.676737272239461
610,98.77639626311048,True,Social protection policy,Social protection policy,0.853131821973887,True,0.11264534188315882,0.19970600571407593,0.15850364341123285,0.03604904746574711,2.587993831552337
611,73.78299907796739,True,Social protection policy,Social protection policy,0.7304063012160626,True,0.06912093671672068,0.17710360209634624,0.0557053156118843,0.009114360800291835,4.967096038176907
612,76.2336591693079,True,Social protection policy,Infrastructure investment,0.8401910174438598,True,0.029558909834394693,0.049087670586778875,0.04608092597999913,0.00828758785360343,3.217123073432501
613,86.47693002176149,True,Social protection policy,Social protection policy,0.8218203554165975,True,0.12926006985514096,0.1766855039089843,0.2712560848612746,0.004468655722734416,4.1732119186483185
614,116.41162623474008,True,Infrastructure investment,Infrastructure investment,0.7472489928482419,True,0.04914665947724882,0.033793927070580265,0.03656614021407145,0.10165324088571914,5.781995257041127
615,74.36382134294288,True,Social protection policy,Social protection policy,0.7189227938962813,True,0.019349748199861374,0.05898170840836514,0.006156400071069823,0.002586010220079843,5.578974297354723
616,88.02164131983452,True,Social protection policy,Social protection policy,0.862115128055852,True,0.08238111840525998,0.204988406796358,0.07049391607962141,0.012851591542430547,2.6389894290022533
617,109.10475268904416,True,Social protection policy,Infrastructure investment,0.8589159794696442,True,0.054941236636572945,0.08738163528778176,0.08101960925476803,0.023893083685455507,2.72887166616436
618,106.06888431868714,True,Social protection policy,Infrastructure investment,0.8053077629160238,True,0.03598367377819053,0.06380784263854744,0.05910337603307858,0.0030316395520408393,4.251704083448795
619,96.64418944486282,True,Infrastructure investment,Infrastructure investment,0.8824277553654709,True,0.038570195125063926,0.05463191475007212,0.06623499933820459,0.014128768849447033,2.5567918873459363
620,98.57523852196618,True,Social protection policy,Infrastructure investment,0.7976022764742957,True,0.01755222487706981,0.04475905318833395,0.012034083910732352,0.004639649970678034,3.8691445568180844
621,109.04016411160643,True,Infrastructure investment,Infrastructure investment,0.8314599777177061,True,0.05692903636418105,0.10034571514092755,0.08348998456245615,0.01541592757124996,3.9452433002599454
622,90.9584660906816,True,Social protection policy,Social protection policy,0.7648977898194944,True,0.0320868593814763,0.03882496467624669,0.05723028272139985,0.016248760437520493,4.642027462547825
623,105.97207947044467,True,Social protection policy,Social protection policy,0.766237534241215,True,0.03210051751696343,0.08151075300256394,0.025918178221319477,0.004922880085488607,5.179093639676347
624,73.62459352334406,True,Infrastructure investment,Infrastructure investment,0.8767825488318557,True,0.08158385153395882,0.08158754108922228,0.17667047706525935,0.027285462214374216,1.9924734708067384
625,99.14070379741328,True,Social protection policy,Infrastructure investment,0.8271741834311697,True,0.07057926248099998,0.17285935851165457,0.03182243631699233,0.04234562385485305,3.6418622155447644
626,75.96495778994449,True,Social protection policy,Infrastructure investment,0.8645002794233584,True,0.04461617070980601,0.14674963573778732,0.00542775956059624,0.0039792021859374645,2.599619101592023
627,109.28370089435236,True,Social protection policy,Infrastructure investment,0.8220037308303102,True,0.0316132789585195,0.08357592861067686,0.018083792114159447,0.00898675562998194,4.2035177534396
628,88.98436353606394,True,Social protection policy,Social protection policy,0.7552632596859183,True,0.025441591286061264,0.058902759814283945,0.018677159818449418,0.01146564986848106,5.211339332749752
629,85.93204668503695,True,Social protection policy,Social protection policy,0.756301142274839,True,0.056492534064691444,0.1582050371406361,0.025211511366851513,0.014307320718932412,4.004277831240292
630,100.70085000117271,True,Social protection policy,Infrastructure investment,0.7519674440894675,True,0.05117949698882128,0.046017668421962254,0.1306549806353493,0.002455590403562899,4.962003007067768
631,96.77938550687409,True,Social protection policy,Social protection policy,0.8492571589326722,True,0.05763122880261819,0.14038880702437423,0.025957876307404426,0.035362617477385,2.975319506935151
632,93.3832172019082,True,Social protection policy,Social protection policy,0.7470751902614585,True,0.03824821332039235,0.0877569336484707,0.033004313616330494,0.013107499356572017,5.412600191272045
633,44.12582545012624,True,Infrastructure investment,Infrastructure investment,0.8581389876096444,True,0.016626667962288736,0.0236727354256413,0.017316487784298062,0.017204114658071208,2.11160079496767
634,117.56633032247616,True,Social protection policy,Social protection policy,0.8081381374501015,True,0.05988481088545829,0.11827544464883955,0.06643138215480993,0.02489001129545454,4.970660671223131
635,120.19514804601744,True,Infrastructure investment,Infrastructure investment,0.7512206166798013,True,0.048036346852536105,0.08832254465316935,0.07687839224304982,0.002926277087657206,5.416364143145418
636,68.21103844809853,True,Social protection policy,Social protection policy,0.7804526733287648,True,0.051736361532713646,0.08863067516829493,0.08773451491844997,0.004712075277752845,3.905778979278662
637,121.46492553217416,True,Social protection policy,Social protection policy,0.8656591472894655,True,0.08385472028283755,0.2513473371576518,0.027295827963102537,0.014848355869177113,2.8831260101306397
638,110.93219490750937,True,Social protection policy,Social protection policy,0.7501040179911833,True,0.05509745697284226,0.13783386986686508,0.04825885018626419,0.006748379351818656,6.395186921980426
639,86.00915620531487,True,Social protection policy,Social protection policy,0.8554757006773952,True,0.032497527062295674,0.09036416797354146,0.010183420774219187,0.013193755970274189,2.757976790605499
640,97.56366952293872,True,Social protection policy,Social protection policy,0.8859728953801999,True,0.0285079044477253,0.0592489678370709,0.028679159775124363,0.011849537954843274,2.61153902086618
641,53.2324093267975,True,Infrastructure investment,Infrastructure investment,0.8781272734832842,True,0.05931788771877196,0.11496800502924753,0.07899896964409525,0.013645632342359076,2.1749913318953444
642,69.16596189602384,True,Social protection policy,Social protection policy,0.7657426798805618,True,0.04662785735663856,0.0912225269603349,0.06740933885779743,0.004565634930102633,4.211314852634802
643,61.76473541541555,True,Social protection policy,Social protection policy,0.784717246660328,True,0.041928387934194046,0.027194435859854982,0.07529933081218876,0.04425559109763541,3.2645211408766364
644,69.74126182469529,True,Social protection policy,Social protection policy,0.8518182369766432,True,0.04170938834548129,0.09564411199635581,0.0157926705161911,0.03454607669663763,2.658103552660843
645,112.5164612553465,True,Infrastructure investment,Infrastructure investment,0.8360754024840112,True,0.08541860392381584,0.1514664484294601,0.1414056463517085,0.006093018952186821,3.708639026471722
646,87.33484140766787,True,Social protection policy,Infrastructure investment,0.8705317320529457,True,0.007353952687750532,0.021230215557185572,0.0,0.00450861884994129,2.5950606490124257
647,61.626325630288164,True,Infrastructure investment,Infrastructure investment,0.7376569241011534,True,0.024547677424134145,0.015720361347905887,0.06466240567716502,0.005534103959398601,4.572877138065165
648,77.45385261791712,True,Social protection policy,Social protection policy,0.8218175627478651,True,0.04477914235860062,0.10912504601348019,0.01835257032723403,0.029249381914387952,2.772841186137429
649,122.83261422779111,True,Social protection policy,Infrastructure investment,0.7973898288834466,True,0.03093606983705992,0.06650299939896831,0.006507268952057221,0.03526597607868419,4.276344247557682
650,85.99805546235629,True,Social protection policy,Social protection policy,0.7912976229356038,True,0.0666977009281534,0.18160547049660547,0.040973456224844274,0.010863026527087143,4.522422154222657
651,82.85409998543444,True,Social protection policy,Social protection policy,0.7876449810625906,True,0.04649484911005159,0.12110254110442026,0.03166057787589899,0.009968852904861318,3.5062178550210126
652,89.67014136998374,True,Infrastructure investment,Infrastructure investment,0.8261986110559768,True,0.01983796069942017,0.03987255561442404,0.013505399319957645,0.016054907513588908,3.7657227791763233
653,70.68304368767772,True,Social protection policy,Infrastructure investment,0.8260289607045599,True,0.04314107640550457,0.0950261479216501,0.021082980248487593,0.034884639249128296,3.22971537296668
654,53.25164458894361,True,Social protection policy,Social protection policy,0.8241232898093569,True,0.04123178595613013,0.060164720400341376,0.05487272374228064,0.029273806703833435,2.924141490575796
655,99.95730256983103,True,Environmental and research-oriented policy,Infrastructure investment,0.7303885296996856,True,0.058567629075833065,0.1181775583510265,0.08634126662892061,0.0004678767854686128,5.834581883068191
656,66.48404641946773,True,Social protection policy,Social protection policy,0.7908527804094085,True,0.03241144231443356,0.04614238650088748,0.050627788578971766,0.016669873020658213,3.513026881710694
657,93.83849860651645,True,Social protection policy,Social protection policy,0.8319057601233578,True,0.052644127071383565,0.12710363259648028,0.04452838582198393,0.012622426331378264,4.112987180852668
658,69.96673154668864,True,Social protection policy,Infrastructure investment,0.8506973412801073,True,0.02289769095922341,0.03459700315884906,0.014476136735918244,0.03106877846251463,2.741492969743591
659,83.63038419739378,True,Social protection policy,Infrastructure investment,0.8932477049292197,True,0.07368156445576964,0.23179242173509618,0.016945097552339583,0.009147956307757929,2.282133891900146
660,94.59190659648281,True,Infrastructure investment,Infrastructure investment,0.8615478050392882,True,0.061315615060769324,0.11233254835168227,0.08129113986917158,0.02098096449183877,2.7584244352904
661,71.91655238443707,True,Infrastructure investment,Infrastructure investment,0.8381536476416819,True,0.018759435015118904,0.03256883536062882,0.02567155645951591,0.007417630732771428,3.108086018176573
662,131.8341013744585,True,Environmental and research-oriented policy,Social protection policy,0.7308689367322169,True,0.020497943715139126,0.017544430118903886,0.05341123536021897,0.0007871375238640843,6.900060884260373
663,124.37960202765443,True,Social protection policy,Infrastructure investment,0.823836296255296,True,0.04023602923541884,0.08848107486060375,0.015744545616857453,0.03660048184650472,4.362166469718051
664,137.4543874436083,True,Social protection policy,Infrastructure investment,0.7612506168592105,True,0.046124514203791156,0.12140849829757516,0.028477016012542267,0.011550285403151617,5.78676857601518
665,99.59756298224197,True,Social protection policy,Social protection policy,0.822823222554493,True,0.0774002937176373,0.19065605721664425,0.07438333335022318,0.005861637444863094,4.133969317593223
666,144.84764365806623,True,Infrastructure investment,Infrastructure investment,0.8122703228557574,True,0.04406825725714238,0.12614223143577152,0.0252004076768767,0.00289626128735012,4.705232423710301
667,81.61115805701141,True,Social protection policy,Social protection policy,0.83001501901744,True,0.06532298808071638,0.07708949603675097,0.1180582119067286,0.03348275033902776,2.809724509495221
668,122.89454421544488,True,Infrastructure investment,Infrastructure investment,0.8190791448139291,True,0.029284919242119806,0.07048570281915889,0.03129063745598892,0.000720877072271503,4.155036615536314
669,117.39610523433716,True,Social protection policy,Social protection policy,0.8673118902136981,True,0.07766724273039241,0.10048309516127779,0.15569009183409688,0.01566216256099881,2.9898094207463446
670,102.64626736993065,True,Infrastructure investment,Infrastructure investment,0.8368397288838377,True,0.0953876707284053,0.22302650299563986,0.09246886565331042,0.01836147890046832,3.020556322507429
671,101.43942815565255,True,Social protection policy,Infrastructure investment,0.8520718566990159,True,0.03378938372170299,0.051040732886557916,0.03610616029065572,0.031115949848746827,3.003791292305214
672,78.75128447007505,True,Social protection policy,Social protection policy,0.8989068314366015,True,0.01883158856357207,0.02567734890068346,0.020539928544862418,0.019693282526956377,1.9577778123238219
673,108.53096164217074,True,Social protection policy,Social protection policy,0.7810390036492625,True,0.025391521768757135,0.07858452374665753,0.0,0.010285802443992437,4.5050291664701785
674,88.2131643113281,True,Social protection policy,Infrastructure investment,0.8061972740345656,True,0.042981309882336456,0.10950149032464507,0.015090856772561834,0.0258422374909707,3.900720201975775
675,80.10609300536662,True,Social protection policy,Infrastructure investment,0.9013391324395849,True,0.0677765991315596,0.1279947850001767,0.10128829750120605,0.007935014459075872,1.9896008003199606
676,62.57242209434169,True,Social protection policy,Social protection policy,0.7374557342230118,True,0.04151888526854884,0.09372406643913317,0.049542184497060215,0.0020498475037275393,4.782987135723106
677,87.1526726460887,True,Social protection policy,Infrastructure investment,0.8298733164002408,True,0.03615731094837771,0.09621084234000732,0.029025805104435976,0.0013139408748786899,3.421735506237395
678,81.18423276699545,True,Social protection policy,Infrastructure investment,0.8267271865607304,True,0.0822771451199275,0.16260317321302953,0.11824079750886429,0.007126037197852403,3.4859482711873286
679,99.89908732222675,True,Infrastructure investment,Infrastructure investment,0.7907294527572889,True,0.08344003726746545,0.19526514559858765,0.0916590961533747,0.005115888684166729,4.284617287699342
680,119.18201441603311,True,Infrastructure investment,Infrastructure investment,0.871399454766184,True,0.04825201184877372,0.07678434961013614,0.07535194764999131,0.016745744210580595,2.2978216540963663
681,100.75568422477946,True,Social protection policy,Infrastructure investment,0.7717973329865029,True,0.025914558460946924,0.06571621825450424,0.005660334552484825,0.019324401806325164,5.337821065871234
682,87.48178420903423,True,Social protection policy,Infrastructure investment,0.915740098975015,True,0.031266385605102746,0.027138091736281622,0.0329515534065663,0.049342704475011684,1.6532673298745875
683,91.15067836132631,True,Social protection policy,Social protection policy,0.9002297327301054,True,0.12465207708744135,0.3438500351636763,0.07889172062480898,0.013540514017559464,2.2699064171550956
684,97.7633211240142,True,Social protection policy,Social protection policy,0.7816367112071647,True,0.0528191116339909,0.13498825085564947,0.04865018054326398,0.00122845932005472,5.377399214589602
685,79.25552190602541,True,Social protection policy,Infrastructure investment,0.9242470416315807,True,0.019508624996793338,0.026077326491923403,0.019693087109400542,0.022509773887452733,1.4565363167933194
686,99.9479868304603,True,Infrastructure investment,Infrastructure investment,0.8626504884604685,True,0.053045673331890995,0.07321467900123946,0.10206336037683017,0.01038181728354886,2.6453812365217706
687,98.79921618481285,True,Social protection policy,Social protection policy,0.8817903681132735,True,0.014094464326055125,0.02219866073567167,0.01294135059618129,0.014190613809339975,2.546295848870955
688,78.25901996366832,True,Infrastructure investment,Infrastructure investment,0.7543585064631746,True,0.029258253727109527,0.05033808481888691,0.042905111421199016,0.009160691804797422,4.337262773900411
689,109.95367004672434,True,Social protection policy,Infrastructure investment,0.799168692282581,True,0.048135285430931006,0.10078881300437526,0.06719737282710747,0.0004873131767758193,4.3040716372804075
690,86.41276078400183,True,Infrastructure investment,Infrastructure investment,0.7391113186475012,True,0.010487212004336008,0.01965145484532438,0.012958161619955222,0.004095625549896426,5.529835311341806
691,79.82751703202983,True,Social protection policy,Infrastructure investment,0.7239991233560511,True,0.050050111428594266,0.098349519376078,0.0645873321976137,0.012238538426388224,5.123862853869202
692,104.04749135192135,True,Social protection policy,Social protection policy,0.8837971676802197,True,0.04598618601685789,0.06735952909119536,0.06880432201911546,0.024787799948691805,2.7351539739267223
693,69.34460983625297,True,Social protection policy,Social protection policy,0.8393943222358656,True,0.02054088822795316,0.047948170487911945,0.023524582656824555,0.00042035565309956474,3.332589984326272
694,104.14914886763557,True,Infrastructure investment,Infrastructure investment,0.8593405330443068,True,0.043299634103526094,0.031832182711723944,0.11490631553815045,0.004810221112466928,3.3606757510263034
695,50.47195128566767,True,Social protection policy,Social protection policy,0.8512745931917163,True,0.04686978718245538,0.10751721872031278,0.04544120551110736,0.011085830907173702,2.2167931575534787
696,118.08084493641466,True,Infrastructure investment,Infrastructure investment,0.8838802166568096,True,0.02989284518022636,0.03468650383740002,0.042346000287865726,0.027592454005526512,2.4975404413964735
697,68.11380630358491,True,Social protection policy,Social protection policy,0.8420050155395316,True,0.02412384138824322,0.03795384478008107,0.01812067337921608,0.028358926699554116,2.4898606706137567
698,65.83533802797649,True,Social protection policy,Infrastructure investment,0.809142158928692,True,0.029881457054156815,0.046999176981099566,0.04727405182067179,0.010311870887777491,3.772084123514792
699,89.73716393763002,True,Infrastructure investment,Infrastructure investment,0.8545463659556918,True,0.012924675952064776,0.022116389850349916,0.015743482725714686,0.007376493256162117,3.0525345207229524
700,93.33951572455761,True,Social protection policy,Infrastructure investment,0.8533172740332573,True,0.09475517019371042,0.16398373035569191,0.14789487858068773,0.019764486741606878,2.7913518768051055
701,110.9816298139506,True,Infrastructure investment,Infrastructure investment,0.8074426575513932,True,0.04575913298294919,0.1095311557699864,0.03501866639568002,0.015607143274655733,3.6867987493464853
702,87.37961435262255,True,Infrastructure investment,Infrastructure investment,0.7957357534117568,True,0.027757763203070458,0.053105301975478914,0.04255362765353904,0.0014932415817286437,4.270542370553254
703,71.83504836385309,True,Social protection policy,Social protection policy,0.8023852688578144,True,0.075419615080531,0.17688168915893338,0.0851473606040094,0.0019396030189157351,3.8197270089483615
704,98.48000268178325,True,Infrastructure investment,Infrastructure investment,0.8729609450215102,True,0.07618536743961059,0.19638057394867225,0.05957490266394205,0.010693309426022764,2.6447835671685764
705,68.25938933052313,True,Social protection policy,Social protection policy,0.7887920176317689,True,0.013964046219811612,0.025234231463687418,0.010714781360071646,0.012925148945581583,3.8044148892070013
706,110.6774745446035,True,Social protection policy,Infrastructure investment,0.7841937290683191,True,0.05634136974013589,0.08394052493001081,0.09929911053167206,0.01395515862879275,4.552088304220615
707,88.6923609050027,True,Social protection policy,Infrastructure investment,0.8865460510217162,True,0.08661096232996113,0.2539473168507068,0.03434598183716908,0.014845069466988072,2.4951099475037757
708,108.89231194750161,True,Infrastructure investment,Infrastructure investment,0.8539239733646461,True,0.026206248032054038,0.06153978853685749,0.012480184345289858,0.01770189523004178,2.8839801960317586
709,87.44251208097396,True,Infrastructure investment,Infrastructure investment,0.8228038163042836,True,0.023447597094569138,0.02163760166493567,0.05056547223868363,0.009863515927372682,3.4145747034126632
710,122.33037309933842,True,Infrastructure investment,Infrastructure investment,0.8113782311661039,True,0.022969499959916904,0.033925507733289284,0.028985259762493942,0.01748248236392594,4.221496449986323
711,106.4871273789077,True,Social protection policy,Infrastructure investment,0.7483276056991796,True,0.03549097353157541,0.05305227614435187,0.06910866068329147,0.0020574705328706006,5.316761694441881
712,64.35264006263976,True,Social protection policy,Social protection policy,0.7672423792736184,True,0.04707452348810125,0.11864180120394774,0.033892285459222016,0.012226745545184617,3.78828744852395
713,78.48413487239546,True,Social protection policy,Social protection policy,0.7731770779802913,True,0.04606780639098814,0.0718802009584592,0.08030270481522195,0.009054416594777348,3.993922809390707
714,121.5503229508555,True,Environmental and research-oriented policy,Infrastructure investment,0.7057046949555195,True,0.06379121778351021,0.043889429523976675,0.17354237043996457,0.005837462278344502,6.385056476478828
715,90.16061919760122,True,Social protection policy,Infrastructure investment,0.7144217065676988,True,0.04643166392637098,0.0998856389824424,0.05158385795073184,0.011041326809124175,5.172160782667362
716,124.05312239119993,True,Social protection policy,Infrastructure investment,0.7381893749055872,True,0.039586901127321786,0.09638037085107765,0.03200130071416418,0.010172482380384415,6.9039718812538045
717,109.35404565333761,True,Infrastructure investment,Infrastructure investment,0.7553598170775853,True,0.028293028848492337,0.042557970443505955,0.053498019298484856,0.0029696112277323716,6.327414474846039
718,68.06165893480818,True,Social protection policy,Infrastructure investment,0.8560654153434379,True,0.04637920532678446,0.03495946380012005,0.11468502371144529,0.012682731132180262,2.7935450655336154
719,70.46747066838748,True,Social protection policy,Social protection policy,0.7711578994055815,True,0.09777406488868455,0.12850165095706423,0.2013625843918837,0.012344991761447988,4.2027086443942325
720,83.44964757416625,True,Social protection policy,Social protection policy,0.8302848108795033,True,0.04994485847917694,0.05484787689295195,0.11313113337656944,0.006827994407597904,3.155336847112309
721,112.18239564776988,True,Infrastructure investment,Infrastructure investment,0.868198014372296,True,0.05857667310205057,0.10181274110432947,0.07986863464967753,0.023336980103170014,2.6779051238009672
722,72.22390185958689,True,Infrastructure investment,Infrastructure investment,0.8118720249020711,True,0.05978202849656883,0.03926774136837219,0.16355927502582945,0.006410083343789258,3.428459332116659
723,83.93637600507687,True,Social protection policy,Social protection policy,0.6798000947532222,True,0.03133089018682374,0.05592026394459687,0.043393687338866116,0.0103441643704201,6.173984157439611
724,47.358230175032205,True,Social protection policy,Social protection policy,0.9095659661664803,True,0.03960919439612698,0.06208749590427537,0.06527387409229557,0.011270810389873494,1.2915004259401262
725,66.60375306054551,True,Infrastructure investment,Infrastructure investment,0.7423493727764091,True,0.014126694217452154,0.010038209950281152,0.03802687069001409,0.0013783491207872978,4.811019984961342
726,61.856879161903365,True,Social protection policy,Social protection policy,0.7526132874113381,True,0.029510486076546875,0.07728727436116511,0.012999894067060203,0.012999532839688743,4.422265847721886
727,101.02602907575633,True,Infrastructure investment,Infrastructure investment,0.8945731070231528,True,0.012864820554823667,0.03305445152163711,0.0,0.011972420420245721,2.2096362696507255
728,85.0764876058512,True,Social protection policy,Social protection policy,0.8580361821570984,True,0.09370651842758296,0.17435203576890346,0.11975327645770084,0.03386750226993604,2.8382425679904943
729,59.104367398006275,True,Social protection policy,Social protection policy,0.8295063225581983,True,0.06815959138548351,0.10173645495363703,0.12057646623643081,0.01624564865912441,2.8812746917578664
730,107.38441739722138,True,Social protection policy,Infrastructure investment,0.7738783360049317,True,0.1274597906017603,0.2094463759363665,0.21546541729684088,0.02119747387295362,4.848996506814271
731,91.54731149436934,True,Social protection policy,Social protection policy,0.7459135227129399,True,0.08283598080588046,0.14826055670187233,0.13246495430790378,0.009200421810805479,4.224646272637028
732,70.60126551850556,True,Social protection policy,Social protection policy,0.8365476951369112,True,0.04474891571028966,0.039510389207241925,0.10688650904929431,0.010224306729477585,2.907350580933302
733,114.00627760023333,True,Infrastructure investment,Infrastructure investment,0.7706225566786169,True,0.08548280556591381,0.14223982600302065,0.11985544056055764,0.03709455291712002,5.93455666909845
734,89.60574828590215,True,Social protection policy,Social protection policy,0.7602868356443019,True,0.03580519809822154,0.05390622809714901,0.05870318117343909,0.01270878407318729,5.033364604057067
735,93.28236204257429,True,Infrastructure investment,Infrastructure investment,0.7818251184161836,True,0.016138396370947692,0.023736039297600264,0.018433049642964494,0.014315298357752165,4.427315568886287
736,99.20493065786017,True,Infrastructure investment,Infrastructure investment,0.8785245824818552,True,0.05684455086361663,0.13640693931153103,0.054362872184689076,0.008186116526438122,2.5205786558963497
737,82.44862637597535,True,Social protection policy,Social protection policy,0.8797232207210439,True,0.05443708558316674,0.06230414423662334,0.12188684221742219,0.006338813087038066,2.068632819304649
738,136.2440037302474,True,Social protection policy,Infrastructure investment,0.822585842260877,True,0.10153079946388895,0.25907244223562176,0.07851999498558193,0.017765360902407615,4.437415001584828
739,75.88630324882773,True,Social protection policy,Social protection policy,0.8208372199077802,True,0.09064868342587852,0.0957706914262692,0.1852493920811698,0.03625030848313581,3.029366589817941
740,107.26719783615425,True,Infrastructure investment,Infrastructure investment,0.795949702744553,True,0.036082603861671614,0.07346388871553033,0.04733596497419745,0.005489259826122875,4.096811113000866
741,88.18959767259264,True,Infrastructure investment,Infrastructure investment,0.8806124627335981,True,0.08104521562064446,0.054934873838248466,0.21338727889097697,0.015336101943030152,2.239979628232762
742,84.36674039066322,True,Infrastructure investment,Infrastructure investment,0.8585601839599485,True,0.051125377825265175,0.08680358050095516,0.08416811779710637,0.007967124090366588,2.6960310245659134
743,67.52486850610981,True,Social protection policy,Social protection policy,0.8412588523972209,True,0.036671050774548256,0.0739270885391482,0.04002799072225227,0.01439359844951843,3.2006769304340392
744,102.03483177099392,True,Social protection policy,Social protection policy,0.8389726568671663,True,0.05008143077618358,0.04490079039710093,0.09710217199272586,0.033282045326815723,3.9461624764329533
745,111.08084959141223,True,Social protection policy,Social protection policy,0.7889630717340422,True,0.08208357700770663,0.13030219204996313,0.1305567384392331,0.02643358903777697,4.362348310740947
746,76.52402534951071,True,Social protection policy,Social protection policy,0.7355859530201139,True,0.07655620654928653,0.17708525377495904,0.08461024654797444,0.006251222599569395,4.626744566583701
747,124.0672141387026,True,Social protection policy,Social protection policy,0.8905274806399427,True,0.12141953064368471,0.17535331719454506,0.2126541347829931,0.03696090527535832,2.502085431089534
748,81.52901792943494,True,Social protection policy,Infrastructure investment,0.8808215187200639,True,0.04288361260754126,0.07878017137530657,0.050737479757226644,0.020574992993861195,2.2798218438108493
749,79.19367691160707,True,Social protection policy,Infrastructure investment,0.8644381779405833,True,0.03955906092716398,0.09882014529812133,0.03407574831985127,0.00556081962710131,3.0051173983591526
750,70.53266045423828,True,Social protection policy,Infrastructure investment,0.8409657522545462,True,0.030469386261681688,0.05976525677560707,0.027974083440673758,0.01890351169960508,2.7098943119664196
751,89.27588131977392,True,Infrastructure investment,Infrastructure investment,0.7219727957828442,True,0.029302102769603013,0.05040752930729997,0.029585056977894597,0.022564773408415978,5.496890894792316
752,85.58272458159442,True,Infrastructure investment,Infrastructure investment,0.8223148575777339,True,0.03584891015410667,0.07398856820770405,0.04316695590356445,0.008315661428104838,3.550727969275891
753,81.3771658247761,True,Social protection policy,Social protection policy,0.8444000460089304,True,0.1483579133638461,0.3944539785262149,0.12143374590036188,0.0033649723468845705,3.597041099108419
754,101.65660487421898,True,Social protection policy,Social protection policy,0.7643110009743177,True,0.025869712088870504,0.01538073272370677,0.07185182307178306,0.0033114365155569314,5.657887053531945
755,88.07511207621272,True,Social protection policy,Social protection policy,0.7707574765701319,True,0.015416938214079027,0.027851737436470125,0.012504743670625817,0.013602802642180653,4.67748026234018
756,81.9546756588371,True,Social protection policy,Social protection policy,0.8364554251341114,True,0.11267223303681259,0.20084713407840815,0.16891421466018786,0.024591466890248076,3.096827590562415
757,108.55446945504255,True,Social protection policy,Social protection policy,0.8460176321131128,True,0.03607882185268171,0.06774013052136468,0.03377054269036983,0.024765203272651484,3.360344772047468
758,96.20424065058651,True,Infrastructure investment,Infrastructure investment,0.7864310955017235,True,0.03359254749310693,0.012844000156510882,0.03705729853795425,0.06767261753140912,4.480725177402711
759,72.98933324769396,True,Social protection policy,Social protection policy,0.7891627292004029,True,0.039092546270351726,0.10404825101677712,0.0310032842641077,0.0017723766653462147,3.8750381660584763
760,77.91366620907577,True,Social protection policy,Infrastructure investment,0.7140568593875998,True,0.043455177146720085,0.07752959878476662,0.043972128767435725,0.03059139246131795,5.244843164724084
761,73.68808274721206,True,Infrastructure investment,Infrastructure investment,0.7825239929841826,True,0.06819820666839685,0.10176219550737886,0.13331911070343616,0.003612417128573929,3.4760191536974987
762,82.1783124165031,True,Social protection policy,Social protection policy,0.7605171782645174,True,0.04821540887336747,0.0530929536628173,0.11112694065065898,0.004534036743309863,4.38742367095544
763,74.21694064143476,True,Infrastructure investment,Infrastructure investment,0.8123571647164476,True,0.0710435446257011,0.17107464614112844,0.048991204102926234,0.028586555945899178,3.739548331250724
764,96.07256419614977,True,Social protection policy,Social protection policy,0.774095196027075,True,0.05858763832501797,0.09393237954450828,0.10911834759552974,0.00200600699752488,4.147244807960825
765,52.45309144966762,True,Social protection policy,Infrastructure investment,0.7314693129443033,True,0.01943360802658835,0.036263359222829916,0.016786731609200356,0.014967537261028951,4.436462316334042
766,96.55463644958715,True,Infrastructure investment,Infrastructure investment,0.8342492653613102,True,0.03612130281456801,0.04258910353361167,0.061624180058906464,0.0222112762584699,3.2189357110739514
767,87.13355111459512,True,Social protection policy,Social protection policy,0.9154153698199712,True,0.08557077571097811,0.18105854969315727,0.109432423564928,0.009006741730338129,1.9676532657959702
768,95.77098843707793,True,Social protection policy,Social protection policy,0.7500766759973602,True,0.07084176342024037,0.13624228340813926,0.1037360261067406,0.007967862455961441,5.058407735756398
769,76.94023579650053,True,Social protection policy,Social protection policy,0.8174852747357998,True,0.04584925421237807,0.15174592501589934,0.0,0.008726464727423916,3.758618138250087
770,156.06352541082146,True,Infrastructure investment,Infrastructure investment,0.8198518239161071,True,0.08278301072890017,0.15824348046384307,0.12141408868366332,0.010082968403644199,3.813680738324296
771,78.86008344338197,True,Infrastructure investment,Infrastructure investment,0.8111052197475785,True,0.026384296641073567,0.028457431564201663,0.046066909030629766,0.017820697648926062,3.6876105559080554
772,78.42063828193541,True,Social protection policy,Infrastructure investment,0.7954574634387103,True,0.07226401297126096,0.13034262915169742,0.08255023632089253,0.04003117992682345,3.3781455029290304
773,79.30066024447356,True,Infrastructure investment,Infrastructure investment,0.8269598809076425,True,0.06663549789939442,0.1256408599050386,0.08936020713634368,0.018223175606498235,3.696987181040575
774,128.00981293985507,True,Infrastructure investment,Infrastructure investment,0.748355670941953,True,0.02664864803615008,0.06433657076167854,0.026274164302994008,0.002659533061852737,6.690156826587624
775,78.84268988833793,True,Social protection policy,Social protection policy,0.7884125899858975,True,0.07532695723367148,0.11313910911753777,0.14977215634101548,0.0007330848592969827,3.9433272065006437
776,61.04260561668602,True,Social protection policy,Social protection policy,0.9199186433503713,True,0.06753700476976607,0.14395745145767758,0.07139158482011165,0.021030480416392015,1.2181641636622182
777,107.83842688016973,True,Infrastructure investment,Infrastructure investment,0.9004938336521754,True,0.026269598507524743,0.027671826200713734,0.04409392079910113,0.02017784777652173,2.0751103729245512
778,61.996802407643834,True,Social protection policy,Social protection policy,0.8685104557055189,True,0.08111784431724896,0.21832767225947747,0.04395410726145499,0.021630675589438896,2.444410950314766
779,54.83550726662779,True,Social protection policy,Social protection policy,0.8473688640740961,True,0.021271168723964468,0.012981985622608216,0.05608308319354016,0.005384021717727259,2.4405292130227747
780,117.77754539834338,True,Social protection policy,Social protection policy,0.7855578139644565,True,0.05920555486676358,0.15689489059965472,0.04965900443157634,0.0006655470024414523,4.805265581523534
781,87.98798078990058,True,Social protection policy,Social protection policy,0.8965236719472064,True,0.0314389805456325,0.03309259048834934,0.03514828812133319,0.04179555330003123,2.2703124661073772
782,99.97657811095088,True,Social protection policy,Infrastructure investment,0.8436835487871589,True,0.05134997048002388,0.11113356653811768,0.04734679451322732,0.021244535628738556,2.931009953170929
783,81.69894785129951,True,Social protection policy,Social protection policy,0.7845688716980156,True,0.04974242881514231,0.058255666364909586,0.08705510427901036,0.02878773020907814,3.7367891140367995
784,67.79605983492807,True,Social protection policy,Social protection policy,0.8224387423936942,True,0.07088424120430122,0.08428591140695546,0.12655894439029236,0.03724998841780641,3.5564953778353496
785,80.7901960385235,True,Social protection policy,Social protection policy,0.7235417574664647,True,0.08419141198315346,0.2196768065322583,0.07303086761233424,0.001962267796444525,5.518576969953541
786,62.1680747362817,True,Infrastructure investment,Infrastructure investment,0.868770986662492,True,0.025817856795072588,0.04732943642553766,0.03308401824801366,0.00994904410920273,1.9515557517408655
787,111.29992066651832,True,Social protection policy,Social protection policy,0.8119777088891581,True,0.0786099471719279,0.1448477467475333,0.12539878968834195,0.004888278665872353,4.326599849971503
788,85.93368142468321,True,Social protection policy,Social protection policy,0.8839404943335577,True,0.07045819253633108,0.15158481009915015,0.07276534436052162,0.022253519417486975,2.25551168160306
789,143.03941222163664,True,Infrastructure investment,Infrastructure investment,0.8194717126633296,True,0.047863279503760674,0.1070841991196616,0.05238510245765271,0.00805217668584804,4.207465635032181
790,93.27510153469095,True,Infrastructure investment,Infrastructure investment,0.8854427754379572,True,0.015475070042491839,0.019264825222650606,0.002249928768547016,0.032647991157523815,2.488280202878183
791,126.84536088267342,True,Infrastructure investment,Infrastructure investment,0.8278253484394718,True,0.04526456460123323,0.07980605228707305,0.06413272990037194,0.014487193916871297,3.5703823466420044
792,71.79510241521446,True,Social protection policy,Social protection policy,0.8120032926923525,True,0.09250833330387863,0.11679168777873383,0.18513559796799894,0.021851880816842445,3.4720401527324016
793,102.68868551501681,True,Social protection policy,Social protection policy,0.7896254822162552,True,0.09556903048870677,0.1686761373629596,0.1457065951426425,0.020108874204871563,4.141518445583402
794,108.70025991414343,True,Social protection policy,Social protection policy,0.8064389820880743,True,0.07428536489409125,0.16374612631734875,0.09427122426233814,0.0019814265496325145,4.603372964084211
795,53.75441948272994,True,Social protection policy,Social protection policy,0.7749594091343507,True,0.020399548314067602,0.043781412947349,0.01913961044972412,0.008477395702163493,3.7104455925041258
796,76.20711094472296,True,Social protection policy,Social protection policy,0.6742193488138556,True,0.043213128144631616,0.11297807454749687,0.037189867408686295,0.0010780065500275021,5.547706718021748
797,116.70266289223153,True,Infrastructure investment,Infrastructure investment,0.8196418835688836,True,0.0643962514635688,0.1372037310433013,0.08744654907539173,0.0007366000037977716,4.554520575793026
798,88.66901294853001,True,Social protection policy,Infrastructure investment,0.8695214216568168,True,0.06591828676803063,0.1551715801977408,0.06061238902956645,0.014930034460799966,1.991267341651194
799,62.05992219280233,True,Infrastructure investment,Infrastructure investment,0.8073116254442106,True,0.04914242369603582,0.04104706775455991,0.13081850999313593,0.0001329051884295246,3.5125803356261067
800,79.15577483806855,True,Social protection policy,Social protection policy,0.7205358332223518,True,0.017277538690563508,0.025420865892119393,0.03489854598716502,0.00015197353768786614,5.695032163779107
801,87.51401104731275,True,Social protection policy,Infrastructure investment,0.7875838514824192,True,0.025982661111339057,0.03300439396045296,0.04766234673705638,0.01027257319217735,3.9139372537989283
802,94.92876532119297,True,Infrastructure investment,Infrastructure investment,0.8428107650970658,True,0.009062169050675379,0.012683812521513627,0.010126910382607823,0.008906868773242378,3.0729294115708865
803,81.27321749959553,True,Social protection policy,Infrastructure investment,0.8666826951867954,True,0.04883220795783305,0.12993140078294507,0.023288305227406103,0.01769302184206451,2.5733861599384755
804,64.08576158706366,True,Infrastructure investment,Infrastructure investment,0.8334024362889046,True,0.04301137337337393,0.10502436537089666,0.041689963537218266,0.003825477898693832,3.045535223013036
805,91.05130315090923,True,Social protection policy,Social protection policy,0.7735399996397679,True,0.11788421611057276,0.2745167206651459,0.1259083539432153,0.012169681778643457,5.4112689465610515
806,86.26987331382091,True,Social protection policy,Social protection policy,0.8017453731741205,True,0.0278964028975801,0.05319659521739939,0.04206949253540271,0.002371322388728253,4.319229499514109
807,77.01731746386581,True,Infrastructure investment,Infrastructure investment,0.8240929010292745,True,0.028098240820516564,0.041676718965402426,0.018902475295607096,0.03776464861079845,2.9259179053689808
808,81.45260590440762,True,Social protection policy,Social protection policy,0.798992242773563,True,0.03369653476026234,0.09455939357737592,0.019699812962188923,0.0036786651213533417,4.117382695085536
809,69.51790317554597,True,Social protection policy,Infrastructure investment,0.741370833343242,True,0.059894177131694794,0.1281919295669975,0.0663174497797121,0.015120240614222166,4.178596067292914
810,63.005211192644076,True,Social protection policy,Social protection policy,0.822200871447572,True,0.06318231575649373,0.06632723613326114,0.13906958629739075,0.015741282717076213,3.3836299449697917
811,90.79751975693185,True,Social protection policy,Social protection policy,0.861474957410753,True,0.10117187277197615,0.17945671564808163,0.15537337851183036,0.019271460542004508,2.396337606060857
812,94.59415553865674,True,Social protection policy,Social protection policy,0.8777986975609732,True,0.09535977523169084,0.23970063659478447,0.07750146943208391,0.016557107284049577,2.6534120256328695
813,124.04497099914347,True,Social protection policy,Infrastructure investment,0.7543560066838355,True,0.07189415033541198,0.18792485505606737,0.05403342843739434,0.009671242680480183,6.544129695280111
814,106.49862638661165,True,Infrastructure investment,Infrastructure investment,0.8673638114227057,True,0.06800006257965133,0.09116526774335565,0.13827069814183945,0.008564253143584541,2.5441626803625
815,122.97542299646601,True,Infrastructure investment,Infrastructure investment,0.8112412250813124,True,0.02625605425719139,0.04950327375374042,0.004373653112374365,0.03801926303405509,5.02196310633168
816,92.44633861313203,True,Social protection policy,Social protection policy,0.7936500041943205,True,0.05468884696667802,0.12295967966846744,0.05881453906148715,0.009636745653418474,4.301376862472509
817,72.56245527829763,True,Social protection policy,Infrastructure investment,0.7981180900411402,True,0.037074567267226806,0.05645600159196462,0.027484890719996047,0.045820093123333155,3.217196383590504
818,76.66702889911731,True,Infrastructure investment,Infrastructure investment,0.8532846518673773,True,0.03738825428973055,0.05233088589265078,0.05855500608265729,0.01997299803874885,2.6813367069718135
819,140.87006324736396,True,Social protection policy,Social protection policy,0.7538738407345131,True,0.08401487188430552,0.24107329667937144,0.04958223773385362,0.0033965171818442497,6.475050144413706
820,86.9499683454328,True,Social protection policy,Social protection policy,0.8568352435483535,True,0.11966848037876199,0.23874503940804648,0.1600835400731696,0.020011101844450867,2.7290955936478616
821,125.47781902791453,True,Social protection policy,Social protection policy,0.8465228174691677,True,0.035318304779078984,0.08818636029077154,0.027506343639748687,0.007921362796256229,3.5321778966042108
822,81.10614518108633,True,Social protection policy,Social protection policy,0.8259964843578559,True,0.05064326987355172,0.06087915996545984,0.09019072570464359,0.02618155888732758,3.126506862018698
823,102.07897711572123,True,Social protection policy,Social protection policy,0.8786491265643448,True,0.12009607004882594,0.26647302524372196,0.15008496768185187,0.003778252245316957,3.1526488372820802
824,85.32062078577738,True,Social protection policy,Social protection policy,0.9156103130590537,True,0.050006845909571794,0.1293320803854826,0.024566983288181854,0.02112489700983683,2.0402198829473
825,80.85931227235328,True,Social protection policy,Social protection policy,0.8670207745148147,True,0.06883098030095297,0.13259449181745986,0.0851504058248137,0.023163533411061844,2.5802593097426474
826,124.19579709421757,True,Social protection policy,Social protection policy,0.8557619204139472,True,0.021748020964037527,0.0603373462460135,0.008940343135837692,0.006840383992280152,3.898067137770419
827,102.80575486203729,True,Social protection policy,Social protection policy,0.6997700090143332,True,0.09489008246242245,0.20340134491298245,0.1209132762923234,0.0078006674131727155,6.335041167044231
828,96.71631036858747,True,Social protection policy,Social protection policy,0.7434956376111593,True,0.04685888662290537,0.07885552452516842,0.07264939214123922,0.012501186513761156,4.774653020425093
829,110.35660578364397,True,Infrastructure investment,Infrastructure investment,0.7851374553366601,True,0.0897338743046339,0.07268210363060623,0.22475388116011985,0.016632575275492625,5.225135914431125
830,94.15597722207045,True,Social protection policy,Social protection policy,0.84748028607342,True,0.06671743798615817,0.08639697538920044,0.13750384440885766,0.009610213153495493,3.268978283959901
831,121.12335284276807,True,Social protection policy,Infrastructure investment,0.8774796274210493,True,0.10692802737401938,0.1411233932382553,0.22997198487742176,0.0031527176933907886,2.613458697422912
832,73.07907532953382,True,Social protection policy,Social protection policy,0.865087465812984,True,0.028393084288796937,0.046833305288591254,0.023849202927882035,0.028693286794315993,2.041384514203844
833,68.68404167147185,True,Social protection policy,Social protection policy,0.7002077193000199,True,0.02546177867123106,0.0567976994966774,0.02022274258873072,0.012095783263900595,5.212356929148599
834,93.0937326016187,True,Social protection policy,Social protection policy,0.7991963853098561,True,0.03867832474507081,0.04305799304652169,0.07589970213666808,0.016416441424558045,3.7958804475128005
835,115.01867234340253,True,Infrastructure investment,Infrastructure investment,0.8063954981846879,True,0.05395779494758074,0.05671924419729857,0.12951917047800587,0.002613867641228146,4.371603035572414
836,138.11026385160042,True,Social protection policy,Social protection policy,0.8295346818494755,True,0.027241487545260065,0.063923217187834,0.030157033869582017,0.001264955350994204,4.53971372226605
837,108.43176398398373,True,Infrastructure investment,Infrastructure investment,0.7904477228428678,True,0.048574969205633,0.026536435960897498,0.13552463090456113,0.007951325354256883,4.242715795880413
838,121.57482990652765,True,Social protection policy,Social protection policy,0.7809471313256394,True,0.10956961110503456,0.16692212356783426,0.2093544063363475,0.007217108963439203,5.171277906380107
839,79.13809406301793,True,Social protection policy,Social protection policy,0.8648420734577469,True,0.04775663085449433,0.051505608878054554,0.08551786879479051,0.03012473031788511,2.2306694993156455
840,62.728214420337366,True,Social protection policy,Infrastructure investment,0.8185687150423092,True,0.05426014911901733,0.14877302309823842,0.02695303808661187,0.014184460731710383,2.9400866463457467
841,90.19945100484486,True,Social protection policy,Social protection policy,0.84458355018868,True,0.06790860403282908,0.18881373032988424,0.04281816936689542,0.0060482144181221095,3.036192327853546
842,90.8936863094063,True,Social protection policy,Infrastructure investment,0.8402333926237012,True,0.07517096750460207,0.21356274646207163,0.034830101964408056,0.014705537839627573,3.256164891058767
843,57.94162406855177,True,Social protection policy,Social protection policy,0.8939861319580088,True,0.036196190029999124,0.07299413551778008,0.0303003293078562,0.02339220027936064,1.6749291959747499
844,108.06357009229217,True,Infrastructure investment,Infrastructure investment,0.9062116819296299,True,0.03600857079126475,0.023542414311197968,0.09787402530604683,0.00461355815218184,1.9334550327226723
845,85.4218480861565,True,Social protection policy,Social protection policy,0.7498925285537534,True,0.015482122568767012,0.041719380369699355,0.0,0.01246804862098519,5.074991664509146
846,75.75063111545415,True,Infrastructure investment,Infrastructure investment,0.839278845724856,True,0.04501021421979039,0.03670749732104228,0.1090866788103001,0.011741573637923969,3.2291127355282665
847,88.7845192708885,True,Social protection policy,Infrastructure investment,0.9278337238461666,True,0.0555127457318544,0.11936201157211251,0.05332649350373436,0.021606104985643526,1.3963445004855972
848,110.66313138222799,True,Social protection policy,Social protection policy,0.7657449541321355,True,0.022135250894897707,0.043921670866369,0.017055923830489594,0.01649578343528338,4.578272396608054
849,118.2971632542794,True,Social protection policy,Infrastructure investment,0.8347986644560564,True,0.0464616888781677,0.12409104403118776,0.01876230546783264,0.019762561574566545,3.520525412568022
850,85.41418109727348,True,Infrastructure investment,Infrastructure investment,0.874185974267666,True,0.03127136349349289,0.02738798138523968,0.05855791874242877,0.02350387209955665,2.4817404116597923
851,66.34183608157757,True,Social protection policy,Infrastructure investment,0.8472407586117018,True,0.04705552884935465,0.10901197976841903,0.04935024309214231,0.0063321281121799244,2.5656922461100837
852,76.54256738049224,True,Social protection policy,Social protection policy,0.9099541571611246,True,0.023486398174993078,0.05160714142547179,0.01668992425791138,0.01390532792909261,1.6046872491063093
853,102.1510223112258,True,Social protection policy,Social protection policy,0.8202893352516452,True,0.04650832035860216,0.10602313652956674,0.03932531283451246,0.017430671891028357,4.168742358830923
854,85.0275950366225,True,Infrastructure investment,Infrastructure investment,0.7735242279878136,True,0.047693509537354815,0.08284265350942577,0.0756251881402007,0.008459441731115402,4.981633452325319
855,96.54314985250195,True,Social protection policy,Social protection policy,0.7980105886796984,True,0.03736843884394196,0.03348445931051153,0.09676151076181927,0.0005435658814660557,3.7130490028508403
856,92.06547941220994,True,Social protection policy,Social protection policy,0.830391978289088,True,0.07127721797822063,0.18049058714602634,0.03191392416695277,0.03706575161079309,3.1172966330770984
857,62.7440141084027,True,Social protection policy,Social protection policy,0.7381452156533865,True,0.012052344895044741,0.015371018453453067,0.014276450351384307,0.01253573832781922,4.674699499641774
858,70.93076425755399,True,Social protection policy,Social protection policy,0.7595371912118593,True,0.030843438763035018,0.09151939744416238,0.016126515125021945,0.0003061231014382382,4.844753508965905
859,87.00222836505641,True,Social protection policy,Infrastructure investment,0.7254611702422717,True,0.04965398181575391,0.11352368443100436,0.05536772010744695,0.004897531816687367,5.601104132351154
860,105.53225664659391,True,Social protection policy,Infrastructure investment,0.8110980532983921,True,0.029567138577350913,0.07817161761427582,0.020412465868632657,0.0049009015378197185,4.033325949208479
861,119.21213353962548,True,Infrastructure investment,Infrastructure investment,0.8463272652098329,True,0.04613552449985468,0.049603672254914355,0.09093721654864617,0.020933446945930856,3.938070908748044
862,133.51421612218257,True,Social protection policy,Infrastructure investment,0.8567854370835111,True,0.06213849201657117,0.09241434398968074,0.11293078022377379,0.012139597844544568,3.683917953801512
863,49.761160128880924,True,Social protection policy,Social protection policy,0.8191430216770123,True,0.037962380487865134,0.08526127660625804,0.01718981595327257,0.030417239147997342,2.9527465022484853
864,61.66871006904275,True,Social protection policy,Social protection policy,0.8415362971339364,True,0.039248158898587855,0.07414293992043719,0.03338664547031478,0.029838970754305513,2.8744955263728755
865,95.86572657339632,True,Social protection policy,Social protection policy,0.777240218768198,True,0.05918372743576016,0.12909622032453438,0.0722346239002426,0.005812201800383582,5.138496573276786
866,105.22661656811195,True,Social protection policy,Social protection policy,0.8099510476093031,True,0.09728130952183818,0.20945171595116463,0.12631150330848506,0.0047213640667839105,4.231474308897472
867,84.72204633677536,True,Social protection policy,Social protection policy,0.8190660947224521,True,0.06719856862770666,0.1024181478123965,0.1140978519903122,0.018678990394264648,3.6175828994005292
868,106.8663409657712,True,Social protection policy,Social protection policy,0.8473052268350922,True,0.07474467974760794,0.2273819957082398,0.03111319656811251,0.003111186840275521,3.4586531882112244
869,99.93374239965472,True,Social protection policy,Social protection policy,0.8819777019854717,True,0.08578087851243213,0.2082404505926525,0.0797674465260535,0.012225177674806478,2.6800470489331554
870,52.13481999291953,True,Infrastructure investment,Infrastructure investment,0.7435145661166114,True,0.054574396062357776,0.07184153825182954,0.11489397699521009,0.00427487097121259,4.321270752237032
871,83.54000294843952,True,Social protection policy,Social protection policy,0.8089789690771627,True,0.036626198221511745,0.07138135777424626,0.04376438019478757,0.013045955806257267,3.8415961810549994
872,57.76234683928668,True,Social protection policy,Social protection policy,0.8869412038630298,True,0.03335978994329909,0.08556780888390308,0.021899472236565853,0.009291983681077899,1.7910879191701423
873,94.6651561283671,True,Social protection policy,Social protection policy,0.7243609493975688,True,0.10476355581804775,0.20090384541693018,0.15589449542418365,0.009874104522053256,5.268142833585423
874,70.24250516216384,True,Social protection policy,Social protection policy,0.7873532155496057,True,0.06041222153166607,0.15649995503540792,0.048337417596508225,0.006605402728915091,3.741417256331605
875,77.92742836037742,True,Social protection policy,Social protection policy,0.841410333992862,True,0.11934989098261575,0.15120891237626904,0.2522236776850848,0.01429202837780131,2.7400974234499214
876,93.007162721338,True,Social protection policy,Infrastructure investment,0.8385393391775031,True,0.02648379026149033,0.06689113525996748,0.012356102696462146,0.013446027958786522,3.2651372729410144
877,94.9995619574945,True,Social protection policy,Infrastructure investment,0.7435418649730154,True,0.04275022868283746,0.12018300511513952,0.019265442973468605,0.010177352301323009,4.973794128147085
878,110.95707231702379,True,Social protection policy,Social protection policy,0.8559625485393683,True,0.08135546081854138,0.20310658876438836,0.07540725833496564,0.006230265765540789,3.3075191946104336
879,118.87417093428037,True,Infrastructure investment,Infrastructure investment,0.8653204921798637,True,0.05026419994917359,0.10187103707416956,0.025593984910285417,0.04845967783765261,3.104489976785045
880,78.64204008128482,True,Social protection policy,Infrastructure investment,0.9170969314125166,True,0.07598491028280112,0.1567355362395494,0.08120651550961827,0.028005134240636255,1.6402995915877063
881,75.36797929983015,True,Social protection policy,Social protection policy,0.7810896919559794,True,0.061547445683789004,0.16619313554363735,0.04664203966987057,0.002580884679753606,4.4429414533901035
882,78.33435864356179,True,Social protection policy,Infrastructure investment,0.7902252128955223,True,0.06263646133305438,0.10926766585160319,0.09405775487823165,0.015902193935855527,3.9468639952538878
883,85.90725668218563,True,Social protection policy,Infrastructure investment,0.8065052286600549,True,0.014802613142069598,0.026447725623302665,0.018708308917115057,0.006653111456825872,4.312067479251841
884,79.5122972008326,True,Infrastructure investment,Infrastructure investment,0.7831352086697116,True,0.048618106244323445,0.10974382369875879,0.0434670488396009,0.016952499316772368,5.087249515582653
885,59.6534810491605,True,Social protection policy,Social protection policy,0.7122856403384766,True,0.04722431918134577,0.11615487499642652,0.03447250622991943,0.01465773590836425,4.559458259016103
886,76.40763327190669,True,Social protection policy,Social protection policy,0.7374737386483363,True,0.04651893205376985,0.08092447267611907,0.05585426853711095,0.02603752097496445,5.5662648234136025
887,86.061921277054,True,Social protection policy,Social protection policy,0.6863233129578189,True,0.08154679058216352,0.11889193595161274,0.14120269655730205,0.02531913452865754,5.031393875400506
888,64.85020376451061,True,Social protection policy,Infrastructure investment,0.8761903893531886,True,0.023885461297420033,0.047139625436911636,0.018937435301035088,0.017522053803023394,2.4539964815650697
889,88.70391231079594,True,Social protection policy,Infrastructure investment,0.8168986285293618,True,0.03886498449791285,0.11186945814775118,0.012744824763878948,0.011413162831064826,3.878382600706354
890,128.7014037725454,True,Social protection policy,Social protection policy,0.8427296921231333,True,0.027145338323920964,0.058330670265247186,0.026450458166243473,0.010227555702232716,4.599680444446621
891,81.45105654591205,True,Social protection policy,Social protection policy,0.8596990398874818,True,0.032389261072415736,0.07298525299332392,0.027015401604759903,0.013361759155371244,3.0136891927403195
892,70.9236382261441,True,Social protection policy,Social protection policy,0.8212406775306089,True,0.043975599486955744,0.08461394268801348,0.05948165343369716,0.009819002082634483,2.9056507455868217
893,76.74146049624262,True,Infrastructure investment,Infrastructure investment,0.8405096179057873,True,0.04989676831380054,0.11754893560622232,0.024390886942362244,0.03269886654971735,2.9601989932523494
894,92.29949319210863,True,Social protection policy,Social protection policy,0.786370095260757,True,0.08969818037891678,0.2386061629793335,0.07313652167275497,0.002200946674120255,4.931878636900236
895,88.58253944631052,True,Social protection policy,Social protection policy,0.7284730194150761,True,0.03980276044083091,0.020920975772335038,0.11646488885406359,0.001923796916509582,5.308929734807276
896,81.80998763620968,True,Social protection policy,Social protection policy,0.8357526196497813,True,0.13400844499977876,0.3043346560128457,0.15154052605294532,0.01315437543343468,2.9482557346406897
897,97.45489943172547,True,Infrastructure investment,Infrastructure investment,0.8451880955281728,True,0.07174342210038402,0.08855847096030822,0.13895484405472003,0.02358866233631582,3.0845580906819268
898,65.4657727126854,True,Social protection policy,Social protection policy,0.8394088492561687,True,0.09216119681013087,0.16865375201683452,0.13056607614137505,0.023344360677248446,2.7576332241357693
899,79.13722767602391,True,Social protection policy,Infrastructure investment,0.7948912358272213,True,0.07377609613500999,0.14803595033893902,0.09024117178080765,0.019939214352788254,4.291118652591283
900,81.70285169672692,True,Social protection policy,Social protection policy,0.6952166313164015,True,0.04962095050699033,0.11398878557562608,0.047195786928373895,0.012488754270466168,5.715678482891477
901,101.6805181037885,True,Infrastructure investment,Infrastructure investment,0.8176492776600732,True,0.09782752118933545,0.0995253929956863,0.22184229364418107,0.021028637522806704,3.7512145950607225
902,58.1765993753392,True,Social protection policy,Social protection policy,0.8213683866508319,True,0.035366598365920286,0.08913075103643053,0.02244464820137404,0.012207695042916439,2.497355918845155
903,116.22681090524256,True,Social protection policy,Infrastructure investment,0.8685686624612193,True,0.03886586330600495,0.09309889629723256,0.016695521115336454,0.026236104158448313,3.079724946907544
904,104.42176949143516,True,Infrastructure investment,Infrastructure investment,0.8868659206860083,True,0.035332575667938335,0.041188068901289565,0.06172294104270781,0.02075300489378678,2.4829518459325537
905,75.92553991520829,True,Social protection policy,Social protection policy,0.7746680608354755,True,0.07781715897829411,0.21667611084290272,0.051276307172278934,0.004407638408847753,4.424299043483484
906,90.69119546809439,True,Social protection policy,Social protection policy,0.8431337580497078,True,0.15644810758459024,0.12038520216483861,0.4124637579886731,0.014719416392554127,3.365960662357351
907,128.89935211914707,True,Social protection policy,Infrastructure investment,0.857864330149513,True,0.042180954088824475,0.08969159102507307,0.03730965556432603,0.02063209272148655,3.1666741177880042
908,100.78997162891035,True,Social protection policy,Infrastructure investment,0.7921565715059978,True,0.01775862914530857,0.04115341546233753,0.020122979964265597,0.0008788065819768653,4.6223294977692655
909,58.815877227862316,True,Social protection policy,Social protection policy,0.8325008200107377,True,0.0368886354694259,0.06884510501024521,0.04462639998574558,0.01563871914699986,3.02230697918427
910,85.04543140843748,True,Social protection policy,Social protection policy,0.7409069451347492,True,0.07519215731420378,0.16117827598610568,0.0660230406962452,0.03597123391736237,5.113084109093129
911,80.4550138760942,True,Social protection policy,Social protection policy,0.8113391021183498,True,0.014394063733140419,0.03619737111866517,0.0013010422184682735,0.012880809728858023,3.4019876350847085
912,86.22172579201485,True,Social protection policy,Infrastructure investment,0.8500018794985527,True,0.08584268047492657,0.18317410653438637,0.10591849780302776,0.011356777324828864,2.830085791790914
913,104.06061380851571,True,Infrastructure investment,Infrastructure investment,0.8493870118408136,True,0.01866556172447979,0.03748344566715389,0.011438409684506823,0.016407610684018553,2.7954434932062964
914,97.05463562055493,True,Social protection policy,Social protection policy,0.7939953013795533,True,0.07359553681017524,0.16640006154327236,0.06522598533806934,0.025958331954271593,4.256745783476921
915,111.90804304505605,True,Social protection policy,Infrastructure investment,0.748220412465222,True,0.021231970824547513,0.05957674280954606,0.013318109635836795,0.0014170454405334487,5.7707933572762045
916,51.28442069064405,True,Social protection policy,Infrastructure investment,0.7712700769924855,True,0.02823882541078663,0.07366853779810228,0.016099949986851325,0.009067401152799595,3.601010244791067
917,118.97262614885508,True,Infrastructure investment,Infrastructure investment,0.8143392528428681,True,0.0298400443181874,0.02345814547588254,0.06540190593396433,0.015580103703809023,4.712772778585872
918,112.21248016371507,True,Social protection policy,Social protection policy,0.8691890368809194,True,0.0910537956507549,0.24435901444523866,0.06169507559509202,0.012634194737311491,2.9630047105735344
919,84.24450669142165,True,Social protection policy,Social protection policy,0.7963558612402609,True,0.0941883355479728,0.19435728888865322,0.1274734173023524,0.007828468226899185,3.9436039904832465
920,114.3491427253486,True,Infrastructure investment,Infrastructure investment,0.7590107397014534,True,0.04143203411660172,0.07011087145502398,0.05352507031345333,0.021376177639628707,4.638703088315791
921,57.69204608048179,True,Social protection policy,Social protection policy,0.839509044057268,True,0.08301086494978001,0.15291676330902806,0.10944738876173643,0.02817387525346552,2.467560716939498
922,63.31088846820184,True,Social protection policy,Social protection policy,0.8329870590887546,True,0.08385992950064725,0.1686477353075469,0.09467986557757319,0.03018215236714527,2.31689627178344
923,96.97726401306763,True,Social protection policy,Infrastructure investment,0.7629423692142274,True,0.030213464087913106,0.08419638776294902,0.006816124209634289,0.014734612335112557,5.407902243507679
924,60.35787227022083,True,Social protection policy,Infrastructure investment,0.8269372180240844,True,0.06315275666190144,0.07125863879572852,0.13546466887819442,0.014311340642732082,2.6863889019157896
925,78.03773790895492,True,Infrastructure investment,Infrastructure investment,0.8742139893850596,True,0.026167435429403908,0.05280232038022681,0.027275312751626424,0.01150839087106044,2.5822483363504323
926,100.7905187004115,True,Social protection policy,Social protection policy,0.7604907288838814,True,0.07964820609774918,0.20789858006386525,0.03819257733952197,0.03267756393873497,4.718052462397063
927,90.4840105084952,True,Infrastructure investment,Infrastructure investment,0.82329587963689,True,0.0416766247718572,0.041413789333187956,0.09305270443358332,0.011401692934728917,3.722165369736632
928,75.61020971215163,True,Social protection policy,Social protection policy,0.7856398105826183,True,0.06501661540743973,0.161976567553423,0.054379958715072396,0.011201627657543692,3.4724630178613647
929,73.42609679421487,True,Social protection policy,Social protection policy,0.7917115902008606,True,0.032036291242168675,0.07956924944516203,0.02578701830577068,0.006770751596657652,3.6389241132887524
930,118.5534482951964,True,Social protection policy,Infrastructure investment,0.7596557917168486,True,0.07179390934274235,0.19854068670363556,0.045400812633895504,0.007337183362067179,6.076045250260118
931,77.612559428737,True,Social protection policy,Social protection policy,0.8215307044330352,True,0.059801665700485285,0.13656573651171333,0.06214479198069722,0.010595301459287956,3.405924746880087
932,95.00438120595028,True,Social protection policy,Social protection policy,0.7690387594854151,True,0.08610273018194907,0.21307658566627508,0.06982889980178286,0.018454070168763825,4.938718172135712
933,100.32703694641083,True,Social protection policy,Social protection policy,0.8994373232120848,True,0.1116633842039257,0.19021322372622862,0.17632690967950548,0.024281711308005834,1.8651166719344856
934,67.5775380100866,True,Social protection policy,Social protection policy,0.7541093078660406,True,0.041121130340868936,0.09217668188069744,0.022992717336775104,0.028754556975568737,4.558991434514421
935,107.99523526625495,True,Social protection policy,Infrastructure investment,0.7542587681708938,True,0.07500648768839413,0.07556695845897965,0.1806570222412789,0.0062987262091209265,4.910017927585732
936,62.07331793358219,True,Social protection policy,Social protection policy,0.8165170378942928,True,0.07549391267747926,0.18378715580611427,0.05248891762343971,0.02795262094162341,2.7826378810335934
937,117.35408889472215,True,Infrastructure investment,Infrastructure investment,0.7589491116285736,True,0.023625328313364693,0.05805464180820491,0.01634933803204136,0.008284669256530153,5.292934119504919
938,123.2978500494359,True,Social protection policy,Social protection policy,0.831619459909996,True,0.10095983151580953,0.22950111233151893,0.11649171865803454,0.0073665793157798795,3.8237233605064422
939,55.76991826145339,True,Social protection policy,Social protection policy,0.8324955296349755,True,0.06531399567884728,0.15423810508551283,0.0581670942720072,0.01619378551844545,2.3326719589704097
940,90.07764736983218,True,Social protection policy,Infrastructure investment,0.8335592844545645,True,0.06120162340880201,0.1084588626627454,0.09059263925055455,0.015154180017507062,3.1616204886750006
941,81.78076034877807,True,Social protection policy,Social protection policy,0.8731169257063128,True,0.048430663351503554,0.09949797719260356,0.04205423536333208,0.027955109174326795,2.2370621639310184
942,112.20777086456559,True,Social protection policy,Social protection policy,0.794120718245042,True,0.06858669812865949,0.10826033762065412,0.11413443196154427,0.017658673868109834,5.2241120937159575
943,93.79752162268841,True,Social protection policy,Social protection policy,0.7708443869664343,True,0.0382523849916072,0.07046052990076651,0.050115233816920624,0.01330758375293807,4.820659293176295
944,81.40410607241031,True,Social protection policy,Social protection policy,0.774332027538981,True,0.021016128209150324,0.06421808785291416,0.002496319100313227,0.006842041778798741,4.479201871517267
945,129.24765404446245,True,Social protection policy,Infrastructure investment,0.7785911627594837,True,0.0795342033614931,0.1832869101136817,0.0845458682554251,0.01053693339611908,5.509420566456448
946,108.04640031014205,True,Social protection policy,Social protection policy,0.7847112837972874,True,0.06787868590539091,0.12321389424375717,0.11091219289295196,0.0034493135321590346,4.704080819116618
947,64.28069093012334,True,Social protection policy,Social protection policy,0.813570163109583,True,0.04936099528601009,0.0735584456032477,0.06404138701193535,0.03516365088585227,3.373512780007435
948,74.87482051427362,True,Infrastructure investment,Infrastructure investment,0.8408618865086319,True,0.07050223869093046,0.13613564006346812,0.10725148104986898,0.003370714304919531,3.286222256744843
949,118.17311367418068,True,Social protection policy,Social protection policy,0.7731282200666899,True,0.10025597200796067,0.2439597120609296,0.09331262913323801,0.013623560833694731,4.931369001988302
950,88.56556570278899,True,Social protection policy,Infrastructure investment,0.7858456424365375,True,0.09226505448781754,0.15825862486633813,0.14445965465750482,0.020209411183518426,3.65283856789586
951,108.3171374630532,True,Infrastructure investment,Infrastructure investment,0.815736774475624,True,0.06265607590878963,0.10524627200123571,0.10263823481652623,0.011411758863001775,3.753588383323518
952,83.15042657668752,True,Infrastructure investment,Infrastructure investment,0.8379363819185801,True,0.0382120391429336,0.05669853839158595,0.04392594572049685,0.0331176528881848,3.168609466029313
953,96.47699986484271,True,Social protection policy,Social protection policy,0.7884669051326139,True,0.028950249332726767,0.08224900989700273,0.009588967904691659,0.009487894862849289,4.766932909428487
954,67.2002570062362,True,Social protection policy,Infrastructure investment,0.8746131921049599,True,0.022679907235761836,0.050301243120325856,0.01101619613369842,0.018062236071142154,2.1633300789323893
955,111.53258812397883,True,Social protection policy,Social protection policy,0.8020377526957242,True,0.08972914406704954,0.15991604931034165,0.145323992023624,0.00881196290070771,4.069156750056283
956,105.24194303843473,True,Social protection policy,Social protection policy,0.8096833313431941,True,0.0844849728005485,0.14128885267943092,0.14560693224621402,0.008801619876274785,4.344677028956429
957,71.41018491409041,True,Social protection policy,Infrastructure investment,0.8117621470624848,True,0.05879434989716443,0.061703553074653805,0.12219554202347727,0.021881129541944447,3.9549756580099875
958,73.61399225486986,True,Social protection policy,Social protection policy,0.8030239538541354,True,0.04959187590823783,0.14021068453556385,0.030336384430847407,0.0030244967124211652,3.9706140895676927
959,74.16712928315795,True,Social protection policy,Social protection policy,0.8645857858651124,True,0.07725413963493288,0.14303206027302628,0.11260491351381297,0.014752514935425863,2.691212090999698
960,47.46898502228223,True,Social protection policy,Infrastructure investment,0.7300311763552834,True,0.03593723325322262,0.09533447285284025,0.01900628326760173,0.011439560265837215,4.391460925416426
961,91.49755671543682,True,Social protection policy,Infrastructure investment,0.8026699830973892,True,0.020748710382129387,0.04420259564892032,0.016174461513226768,0.01224342917530577,3.875230051873214
962,95.13975689835988,True,Social protection policy,Social protection policy,0.8899659197865303,True,0.10125702483871694,0.1871520870014194,0.14664823621118406,0.020599263722905894,2.450744806113754
963,67.99568301103378,True,Social protection policy,Social protection policy,0.8295545690680767,True,0.059545028942644115,0.1569877463696457,0.045990660589761645,0.005429194339847069,3.0490876305674646
964,85.6475007847061,True,Infrastructure investment,Infrastructure investment,0.8481653674668819,True,0.08246378623275565,0.06580374364150743,0.20835607172976522,0.014463436443372113,3.048634620774259
965,101.81729005469896,True,Social protection policy,Social protection policy,0.8114470141869821,True,0.04852691371086123,0.10432875369190181,0.05181304081297844,0.013702403483134062,3.843588197884545
966,74.61068839604181,True,Social protection policy,Social protection policy,0.7938654705755912,True,0.0643819015776567,0.1253330885119064,0.06310547762117785,0.03689808938871422,3.2693250486008925
967,143.83049927002776,True,Infrastructure investment,Infrastructure investment,0.8081923576315394,True,0.059172789576115235,0.10698252273661102,0.09396732659846696,0.006154914181325369,4.556245744070752
968,118.96004798652737,True,Social protection policy,Infrastructure investment,0.8330582378193806,True,0.06056824357815051,0.1309074979236533,0.03305628114968706,0.04802507345018642,4.120846325370289
969,101.12110158180113,True,Infrastructure investment,Infrastructure investment,0.7941620360609375,True,0.043861872030842367,0.08170685953811752,0.05893336743580946,0.012876325134021316,4.524518247019029
970,55.72152668167236,True,Infrastructure investment,Infrastructure investment,0.7628248680542685,True,0.03536238473068656,0.07676360652026165,0.03665364873407759,0.01035109130306372,3.743946067397835
971,85.51531346090304,True,Infrastructure investment,Infrastructure investment,0.7995497121920979,True,0.018521161947127582,0.04223390962322782,0.020407252712694945,0.0021829044790237714,4.3519891690797605
972,55.633489300843216,True,Social protection policy,Social protection policy,0.865100697182513,True,0.04178404611414428,0.045898061546310764,0.06188701753937653,0.0384590823138177,1.8960692385459035
973,112.82803418780298,True,Infrastructure investment,Infrastructure investment,0.7500936534770819,True,0.07937302794930802,0.1369859054476924,0.11750682787370695,0.023312864501178726,5.4152164291749925
974,72.42999613457278,True,Social protection policy,Social protection policy,0.8269938073987081,True,0.034176823987255606,0.046147567004362955,0.06572869009155835,0.007742626859473314,3.020319675306049
975,100.31106547824857,True,Social protection policy,Social protection policy,0.826447423946107,True,0.05598794375166717,0.13256073474642838,0.06116097577031754,0.0022360926140891774,4.53845289829492
976,78.58728027988995,True,Infrastructure investment,Infrastructure investment,0.7533074627093379,True,0.017126119854265442,0.019187762207767634,0.037892865616295346,0.002860791665866072,5.184435151321672
977,79.22749979445163,True,Social protection policy,Social protection policy,0.7690409422308265,True,0.07740106945322782,0.08870702657117119,0.15439840198576027,0.027798314529365903,4.175005077687359
978,103.74377373661898,True,Social protection policy,Infrastructure investment,0.7470443161536239,True,0.017194315556100355,0.03456523506590947,0.0224177962181753,0.003197073162266466,5.0526171003704015
979,94.6738462852229,True,Social protection policy,Infrastructure investment,0.8610701456865761,True,0.05621083664957776,0.1509782485774625,0.025086027306128078,0.020673652389931574,2.9437948693144484
980,54.365376857676665,True,Social protection policy,Social protection policy,0.83852997241534,True,0.03837683161365081,0.08334024374288984,0.0408471651560095,0.010131501748878516,2.8522981041846704
981,75.62683491953605,True,Infrastructure investment,Infrastructure investment,0.8288378526733436,True,0.03826683486801456,0.0870751025869666,0.03907245930948,0.007786360141604359,3.787097643863599
982,110.641341560648,True,Social protection policy,Social protection policy,0.8860022996809859,True,0.04489511780689635,0.09858539496548269,0.037364590729213054,0.02118292662944147,2.520488806233391
983,72.05166451494131,True,Social protection policy,Infrastructure investment,0.8575796827379858,True,0.06858360634560591,0.13790268030308883,0.09436672535640239,0.007773216550129473,2.405529265146064
984,115.52270715152413,True,Social protection policy,Infrastructure investment,0.8207297290348222,True,0.04948545308926686,0.14610371368844732,0.02506852500770279,0.0020268471162838975,3.994418530437867
985,99.62280980952629,True,Social protection policy,Social protection policy,0.8462212049622401,True,0.09270891386328749,0.19601625051181892,0.11935502338775339,0.009109924621933892,3.114973417144657
986,81.73037225494075,True,Social protection policy,Infrastructure investment,0.8271695266205302,True,0.047087887122973085,0.1232009231094876,0.0346432010071307,0.00696348081378749,3.4515340382161117
987,100.04699769824671,True,Social protection policy,Social protection policy,0.7832348610666834,True,0.041235789523091294,0.06741571394006474,0.06703239130835104,0.009877158082403734,4.857133879892155
988,75.72906426145185,True,Social protection policy,Infrastructure investment,0.728660061944432,True,0.0507054665155944,0.08356722187071847,0.08047812234563928,0.013423788588222657,5.003770067353321
989,77.46145407660906,True,Social protection policy,Infrastructure investment,0.8324674072723823,True,0.04704735613638077,0.10612282477336621,0.04722282035824543,0.011320101345721062,3.6435873582593774
990,83.05160733512864,True,Social protection policy,Social protection policy,0.8505407909704967,True,0.01859598487107837,0.029189326871054633,0.020032455080785883,0.015864165096933773,2.967749721695259
991,124.28591631693061,True,Social protection policy,Social protection policy,0.8273392953331539,True,0.1392344754775157,0.2594465707869843,0.18669000596545393,0.04118408741886671,3.9195700231053032
992,80.27435933798347,True,Social protection policy,Social protection policy,0.8006574296658874,True,0.03756024494889602,0.0802160520698495,0.018027855819042093,0.03321694943224446,3.81352318420151
993,69.0972738067472,True,Social protection policy,Infrastructure investment,0.7736137341309819,True,0.039318831115705756,0.10007044146127775,0.030102574781388003,0.0074428926623043845,4.451033822383671
994,94.73388624538978,True,Social protection policy,Infrastructure investment,0.8188798183848329,True,0.030932876047549136,0.050985198484916894,0.05525907455806012,0.0020207931234449694,4.097666615076183
995,77.73404293638544,True,Social protection policy,Social protection policy,0.8274964616240855,True,0.02608657777979273,0.0889456208918159,0.0,0.0023574013374586603,3.441948130060817
996,62.55187800165325,True,Social protection policy,Social protection policy,0.7265013010997757,True,0.017302300119127444,0.04533763667215296,0.0049851927084964,0.01023522103629669,5.029064968068469
997,110.80634154005884,True,Social protection policy,Infrastructure investment,0.7850764281979031,True,0.059452593413617756,0.03609500369880825,0.16983687769289313,0.002152195555960773,5.347829190323789
998,85.9530244525654,True,Social protection policy,Social protection policy,0.8277335169572568,True,0.0798445453209181,0.12797431816668214,0.14279697932389523,0.008684611132635953,3.7679226527015826
999,97.36664192724504,True,Social protection policy,Infrastructure investment,0.7498501229253827,True,0.0601493126131312,0.13136734766632974,0.07580135088146611,0.0033538955981633617,5.339965311629402
1000,70.71041179619068,True,Social protection policy,Infrastructure investment,0.7656892776284921,True,0.05082684169045336,0.10591717112029919,0.07093783943709431,0.0010389353591932493,4.65979564834006
