Sensitivity block,Draw,Objective value,Solver converged,Initial top policy,Cumulative top policy,Affordability-oriented cumulative effort share,All seven final shortfalls below initial,Final mean remaining shortfall,Final affordability mean shortfall,Final nutrition mean shortfall,Final environmental mean shortfall,Environmental policy cumulative effort
Policy-impact matrix,1,93.3308253284213,True,Social protection policy,Social protection policy,0.8131077428226599,True,0.03524856601457189,0.06323603914774967,0.05158673401481395,0.008547207888437991,3.7246816036084835
Policy-impact matrix,2,97.58017739100409,True,Social protection policy,Social protection policy,0.8229879994710085,True,0.04770500059100686,0.08237656618653455,0.07496186678438832,0.00962906909760114,3.787132666636015
Policy-impact matrix,3,98.69888803470333,True,Social protection policy,Infrastructure investment,0.828049922815584,True,0.05213877658895398,0.10570599610970643,0.057564350161878,0.019215371789754493,3.570476263255506
Policy-impact matrix,4,97.76445412990356,True,Social protection policy,Infrastructure investment,0.818016155492581,True,0.06043593073658672,0.14593244961961238,0.05443628385094057,0.011157024107500566,3.6826285487553303
Policy-impact matrix,5,96.19014462094415,True,Social protection policy,Infrastructure investment,0.8173874913387518,True,0.0431501749314341,0.08731832670715411,0.049376451065890725,0.014330834486974517,3.7270245110576963
Policy-impact matrix,6,98.92355362116588,True,Social protection policy,Infrastructure investment,0.824553421195714,True,0.051113369919099864,0.10383792516867474,0.056064949402937825,0.018993920145236966,3.6591511993130696
Policy-impact matrix,7,99.30882348639585,True,Social protection policy,Infrastructure investment,0.8264501863547179,True,0.056815156335803134,0.11517229902847337,0.07382576283765774,0.009854985309179859,3.727551055957299
Policy-impact matrix,8,100.64439563979906,True,Social protection policy,Infrastructure investment,0.826994952907324,True,0.06719468990770462,0.15697245789574266,0.06324140023212554,0.014967556549097996,3.613343286336275
Policy-impact matrix,9,91.68024610746538,True,Social protection policy,Infrastructure investment,0.8052626897823879,True,0.034553518478242014,0.07497801840840956,0.037138241874603795,0.00882105439083368,3.7351807498147855
Policy-impact matrix,10,95.72596489734104,True,Social protection policy,Infrastructure investment,0.8188909778840285,True,0.04792382672485603,0.10688207795362348,0.05458617234939733,0.006265143233975298,3.6859992880474994
Policy-impact matrix,11,93.60648430158133,True,Social protection policy,Infrastructure investment,0.807715096702305,True,0.03903523319052228,0.0774990676082229,0.048059484960796484,0.0110647635978086,3.784363021939561
Policy-impact matrix,12,100.16928891749613,True,Social protection policy,Infrastructure investment,0.8292785259388009,True,0.05862529421941731,0.12386309142652763,0.06699083495909908,0.014334603382333888,3.648346079694965
Policy-impact matrix,13,91.8029795555479,True,Social protection policy,Infrastructure investment,0.8032094236037974,True,0.03663648777128847,0.07588080978182898,0.04176800098683564,0.010578896430845044,3.766550179855765
Policy-impact matrix,14,93.65562372703019,True,Social protection policy,Infrastructure investment,0.8142596984257289,True,0.03805370864534162,0.08311378845602613,0.04126591556485648,0.008808276237813037,3.694550322327419
Policy-impact matrix,15,93.39063532738936,True,Social protection policy,Infrastructure investment,0.8082773694182364,True,0.03752755881441132,0.07208434885726689,0.04563346287801329,0.013628644115159433,3.7343664378591184
Policy-impact matrix,16,100.76051969806399,True,Social protection policy,Infrastructure investment,0.8260180226275655,True,0.0710815486664654,0.17306026558153798,0.06779614548451773,0.007929009266573223,3.714986212543898
Policy-impact matrix,17,96.38774868092122,True,Social protection policy,Social protection policy,0.8228993917043702,True,0.04185177689717108,0.07112330176776227,0.055543283192583615,0.019814634179752898,3.594250665394747
Policy-impact matrix,18,97.5215941361104,True,Social protection policy,Infrastructure investment,0.8187311963643458,True,0.056928855225249056,0.1293924230487269,0.060212502581320826,0.009646067658324,3.705024722719688
Policy-impact matrix,19,94.14439138877756,True,Social protection policy,Infrastructure investment,0.8114324423361512,True,0.04144746000749456,0.08616607460958225,0.048409652174995155,0.01049038324165355,3.744310741359351
Policy-impact matrix,20,95.43740611427398,True,Social protection policy,Social protection policy,0.8189590781928245,True,0.03795239525767071,0.06608875037528106,0.05299521308337529,0.013749419943191149,3.741618101214981
Policy-impact matrix,21,97.0388344111748,True,Social protection policy,Infrastructure investment,0.8194471795245424,True,0.049499838370320015,0.10526612037771632,0.05426831412318789,0.013714999795215857,3.6855690783368207
Policy-impact matrix,22,97.25012758814927,True,Social protection policy,Infrastructure investment,0.8155223455014277,True,0.05645343191466606,0.12983718242068554,0.05768409456887358,0.010065734711772079,3.7553887974861553
Policy-impact matrix,23,92.04500196066616,True,Social protection policy,Infrastructure investment,0.8040024989452932,True,0.03209544234095636,0.05637110637031795,0.04507319906645546,0.010889742756573867,3.8191122465287277
Policy-impact matrix,24,96.74500959318848,True,Social protection policy,Infrastructure investment,0.8125010866402393,True,0.0550230666382863,0.12272722784425172,0.05847927699127231,0.011374228398478,3.8037331912326326
Policy-impact matrix,25,96.1964105932955,True,Social protection policy,Infrastructure investment,0.8191449458660376,True,0.04448375824059365,0.0954124719389019,0.04778048515180788,0.012500196751367973,3.6920127033247123
Policy-impact matrix,26,99.71474801555064,True,Social protection policy,Infrastructure investment,0.8234846583655426,True,0.06192908074236869,0.13667728690018988,0.06339389439740184,0.01668060130069869,3.673592492780152
Policy-impact matrix,27,94.50733546865895,True,Social protection policy,Infrastructure investment,0.8123539030280298,True,0.04125850499861131,0.09473982958081395,0.03584902844895144,0.013815909465374199,3.72344137831403
Policy-impact matrix,28,92.59978606891846,True,Social protection policy,Infrastructure investment,0.806055003529098,True,0.03774085890313615,0.08084341575283704,0.040572336686183985,0.010677253721955507,3.758020935433796
Policy-impact matrix,29,100.67940758696298,True,Social protection policy,Infrastructure investment,0.8243517318047225,True,0.0692896286066262,0.16698471453137737,0.06370322932347139,0.011825756268342938,3.726660666058891
Policy-impact matrix,30,96.19647196902233,True,Social protection policy,Infrastructure investment,0.8154822126231794,True,0.05013854411600537,0.11270942913878002,0.05004156187293196,0.012733913394306816,3.6974441712051687
Policy-impact matrix,31,96.88937234341346,True,Social protection policy,Infrastructure investment,0.8163334008152865,True,0.05404539836375336,0.117706124332432,0.05369850781477681,0.01775426212592797,3.660250947926998
Policy-impact matrix,32,95.31012840680592,True,Social protection policy,Infrastructure investment,0.8153542916064094,True,0.04599123165244667,0.09768125024582519,0.04356237014412545,0.019725690393612688,3.6277992028720547
Policy-impact matrix,33,95.63577347895311,True,Social protection policy,Infrastructure investment,0.8146850890190585,True,0.0472573696244447,0.108745084243558,0.04620681907661783,0.01044889036538059,3.7333851718046542
Policy-impact matrix,34,94.66804372464053,True,Social protection policy,Infrastructure investment,0.8154117096481613,True,0.039760751065274866,0.08123201132339053,0.04659062594997465,0.011339991455096857,3.7511107080476265
Policy-impact matrix,35,98.83808929847636,True,Social protection policy,Infrastructure investment,0.8231105274863302,True,0.056105963766939285,0.12214913657392479,0.06305469764495952,0.011167038965403192,3.7706656264652367
Policy-impact matrix,36,99.72023208861687,True,Social protection policy,Infrastructure investment,0.8237977704500732,True,0.06544032530872679,0.14934527393697805,0.06669701761245206,0.012998847031113654,3.6375983899162128
Policy-impact matrix,37,95.28242204753198,True,Social protection policy,Infrastructure investment,0.814108677552351,True,0.04408237566421431,0.08679358837816264,0.05406122909569222,0.013433497350895204,3.739671675394727
Policy-impact matrix,38,98.11119934944895,True,Social protection policy,Infrastructure investment,0.8194878572483844,True,0.058303124997694404,0.1270472554827773,0.06708023353134773,0.00993344847780539,3.7467278350185556
Policy-impact matrix,39,94.60734067731951,True,Social protection policy,Infrastructure investment,0.8082499713866924,True,0.04661228787075023,0.09793915963526434,0.05255496265883097,0.0126488852535305,3.747411711376317
Policy-impact matrix,40,94.93329854919656,True,Social protection policy,Infrastructure investment,0.8144096988718994,True,0.04549540930523342,0.09649582430674486,0.053704327166571364,0.009033781095000748,3.666571425581479
Policy-impact matrix,41,96.76965404189862,True,Social protection policy,Infrastructure investment,0.8192908491096059,True,0.04810268157174591,0.10379860662286755,0.054020102463079755,0.010540676415163375,3.7516631156243956
Policy-impact matrix,42,96.72871208455523,True,Social protection policy,Infrastructure investment,0.8206880678542693,True,0.049492426833035064,0.10467808838036685,0.054724657790114706,0.013820747745141165,3.618853180999488
Policy-impact matrix,43,93.53240370939821,True,Social protection policy,Infrastructure investment,0.806148358742941,True,0.0410340520966905,0.08955876161773724,0.039631204213572135,0.014429216507107379,3.760894546164188
Policy-impact matrix,44,93.31204847274192,True,Social protection policy,Infrastructure investment,0.8102725953660372,True,0.03610061152225359,0.07023599550100856,0.04564054607409518,0.010475598752783838,3.7531822324300883
Policy-impact matrix,45,97.38245502609907,True,Social protection policy,Infrastructure investment,0.8184971367150266,True,0.05788297624196122,0.13934101576263835,0.05321228355713714,0.010037117527088774,3.6537878558957986
Policy-impact matrix,46,98.98042656985538,True,Social protection policy,Infrastructure investment,0.826611199856983,True,0.05473072830983886,0.10741785302241791,0.0709495610735712,0.013190134988446914,3.6607165881181536
Policy-impact matrix,47,94.00583892212444,True,Social protection policy,Infrastructure investment,0.8140383384962925,True,0.038481524136194496,0.07601325757020694,0.0496317299762703,0.009040346930203516,3.737835397620252
Policy-impact matrix,48,94.53368610202983,True,Social protection policy,Social protection policy,0.816269428888712,True,0.03620920193665648,0.06293723063655898,0.047229514509650405,0.016565461632088274,3.670666195476634
Policy-impact matrix,49,97.21237937723525,True,Social protection policy,Infrastructure investment,0.8211315275349629,True,0.048956569694822226,0.09376038934207553,0.058145928346941766,0.019441676242860507,3.6232503474790825
Policy-impact matrix,50,98.17914369875905,True,Social protection policy,Social protection policy,0.8246060491456766,True,0.048815021812447665,0.08862648468042811,0.06849106412273565,0.013735027540403073,3.707138771325438
Policy-impact matrix,51,97.3954548367204,True,Social protection policy,Infrastructure investment,0.8186548553845197,True,0.04900983626807709,0.09737052509899813,0.061964345054816294,0.012199556784455376,3.8034958848767397
Policy-impact matrix,52,100.25226672450513,True,Social protection policy,Infrastructure investment,0.8236527200679957,True,0.06909341703204178,0.16414117994371263,0.06487058544307012,0.01281519422536348,3.6537214600875827
Policy-impact matrix,53,99.35738174715453,True,Social protection policy,Infrastructure investment,0.8238211826148601,True,0.06348252993191075,0.15187655082657814,0.060973814128926884,0.009338489806182598,3.662567410977836
Policy-impact matrix,54,100.88354041582363,True,Social protection policy,Infrastructure investment,0.8232000033245067,True,0.06858129566007194,0.16167317063197717,0.06747591510891171,0.010885449069362924,3.7635663251091658
Policy-impact matrix,55,99.88092570894077,True,Social protection policy,Infrastructure investment,0.8267713580051415,True,0.05796924641960494,0.1291452796732252,0.061637926745226945,0.012109156050165173,3.725515159431555
Policy-impact matrix,56,94.36788333124173,True,Social protection policy,Infrastructure investment,0.8086115054946571,True,0.04497994114655363,0.09919516001594597,0.043041755172075535,0.015192878824916212,3.732235659421943
Policy-impact matrix,57,95.88516810383878,True,Social protection policy,Infrastructure investment,0.8160206317424037,True,0.04454306167347101,0.09068272079874751,0.05209835211986924,0.013119642938531809,3.723105816328058
Policy-impact matrix,58,99.68464571432521,True,Social protection policy,Infrastructure investment,0.8255377473489975,True,0.059742317031703664,0.13805496520254856,0.06123035610394112,0.009812788304473144,3.751838675548871
Policy-impact matrix,59,93.56788734496169,True,Social protection policy,Infrastructure investment,0.8062192834776001,True,0.0435805459168629,0.10212976090628978,0.03939395364880094,0.011008196153929437,3.7689869249809274
Policy-impact matrix,60,95.91961124083116,True,Social protection policy,Infrastructure investment,0.8177474556201583,True,0.04589722358060801,0.09980808763280236,0.0480496949532605,0.012782499946065173,3.664690167018441
Policy-impact matrix,61,95.47349695819685,True,Social protection policy,Infrastructure investment,0.8165000293225965,True,0.043403306515606484,0.09265886525489708,0.04989989043049814,0.009352817119227474,3.709165141402101
Policy-impact matrix,62,94.22691002464175,True,Social protection policy,Infrastructure investment,0.8115428639750346,True,0.04177846910942135,0.09284624469105363,0.037899691619943,0.015478705571978113,3.6935131411954347
Policy-impact matrix,63,94.54973335855186,True,Social protection policy,Infrastructure investment,0.8089595420866174,True,0.045159566131998286,0.10280339127436522,0.04340835852250147,0.011846731665127314,3.804728317721434
Policy-impact matrix,64,92.57526954383599,True,Social protection policy,Infrastructure investment,0.8068911934659423,True,0.038711698068756885,0.06870901592736034,0.04678051417137652,0.020001413141912228,3.5944352432042503
Policy-impact matrix,65,94.20817763836719,True,Social protection policy,Social protection policy,0.8136431369793243,True,0.037537571238575894,0.06593204958030319,0.05450998444281874,0.010939465311893715,3.7347727087323928
Policy-impact matrix,66,94.53630912245315,True,Social protection policy,Infrastructure investment,0.8151099845304124,True,0.04172081813432943,0.09062550971840455,0.03847288876432653,0.01692446498742193,3.6034232276348366
Policy-impact matrix,67,97.94136336218206,True,Social protection policy,Infrastructure investment,0.8244335191804976,True,0.048892217708429095,0.09757277335885028,0.05364788213400096,0.019902106486650598,3.629065144097963
Policy-impact matrix,68,98.54575427849693,True,Social protection policy,Infrastructure investment,0.818517023164085,True,0.05878623719378844,0.13690342591471039,0.05536190441623989,0.01348649984730925,3.762938326795313
Policy-impact matrix,69,99.75233674821412,True,Social protection policy,Infrastructure investment,0.8246414708418869,True,0.0605195143982637,0.1280427226304217,0.06642450827960189,0.017351069483899362,3.686774488519691
Policy-impact matrix,70,99.4682642635302,True,Social protection policy,Infrastructure investment,0.8236854402218589,True,0.06723676337236353,0.1603376458815901,0.06157728649835659,0.013413739423325688,3.5914673580593837
Policy-impact matrix,71,93.46719417939251,True,Social protection policy,Infrastructure investment,0.8117150891257545,True,0.03851277514339004,0.08070421603665345,0.04484356739398776,0.009246929571223944,3.7293553146164413
Policy-impact matrix,72,97.19997074160781,True,Social protection policy,Infrastructure investment,0.8178481662771292,True,0.05200326238408152,0.11317589282018303,0.05162423034527175,0.017211295178830507,3.6572665789846326
Policy-impact matrix,73,94.33239662107627,True,Social protection policy,Infrastructure investment,0.8103500663699406,True,0.041729506641413776,0.08475761699480777,0.05191382150790136,0.009381834742239081,3.8038623104818767
Policy-impact matrix,74,97.07801634910793,True,Social protection policy,Social protection policy,0.8226849878966652,True,0.04401457485305011,0.07157048305281977,0.06345519192068394,0.019025337012171684,3.6422615678566954
Policy-impact matrix,75,96.03527757776804,True,Social protection policy,Infrastructure investment,0.8164361147537615,True,0.048821813927447076,0.1186238937442724,0.0439532836019475,0.008299171399844874,3.755281583946275
Policy-impact matrix,76,90.62615997607996,True,Social protection policy,Infrastructure investment,0.7988859553100017,True,0.029987782540622586,0.05736070392163806,0.03594137624900717,0.011655158721533818,3.8102109270530207
Policy-impact matrix,77,99.59837502430656,True,Social protection policy,Infrastructure investment,0.8218162139002879,True,0.06202517452735383,0.1347223928229434,0.06491656617349173,0.017449151849303263,3.6954736425835444
Policy-impact matrix,78,95.4041737187973,True,Social protection policy,Infrastructure investment,0.8144077284896162,True,0.04891969601471192,0.10922593322545737,0.05207523166995287,0.009917771156081473,3.6592399880487543
Policy-impact matrix,79,94.9038099524612,True,Social protection policy,Infrastructure investment,0.8178261001786149,True,0.03987700988744662,0.0805426308278625,0.04732992374540679,0.011696980032793874,3.675689980294464
Policy-impact matrix,80,95.79623481049235,True,Social protection policy,Infrastructure investment,0.8169117917069818,True,0.043818320366921744,0.09415200210935504,0.0440042268118761,0.015207892362994968,3.709775777230675
Policy-impact matrix,81,95.52473700429942,True,Social protection policy,Infrastructure investment,0.8158339920397676,True,0.04314952318773761,0.09066012929699996,0.04713429215268605,0.013228909707395625,3.7343186142127647
Policy-impact matrix,82,98.50982679363737,True,Social protection policy,Infrastructure investment,0.8208392448986934,True,0.05463637004595299,0.12263521672277755,0.05239996718063644,0.016192111257421454,3.736052621367951
Policy-impact matrix,83,96.51514060716825,True,Social protection policy,Infrastructure investment,0.8227868238844717,True,0.0454190540660378,0.10023195876500945,0.0489872852094706,0.009747445256652248,3.671552652372311
Policy-impact matrix,84,94.03447586319238,True,Social protection policy,Infrastructure investment,0.8094065233571628,True,0.039600679214349656,0.08449537243583516,0.04298950912736488,0.011117495687023748,3.8014809950970654
Policy-impact matrix,85,98.94835151108684,True,Social protection policy,Infrastructure investment,0.8229005064290772,True,0.056236104349074854,0.11942979243037777,0.06618766347386129,0.011208909317522928,3.7338009125633773
Policy-impact matrix,86,92.42252848247705,True,Social protection policy,Infrastructure investment,0.8067060206340609,True,0.035951715010515875,0.07514140346043474,0.040079862027555646,0.010609737048815168,3.711622228950618
Policy-impact matrix,87,95.31093446342597,True,Social protection policy,Infrastructure investment,0.8120569005574872,True,0.04620202623004023,0.10086214640205038,0.048853536369962924,0.01199140903312751,3.7531387075239455
Policy-impact matrix,88,92.86053627518226,True,Social protection policy,Infrastructure investment,0.8060134962773285,True,0.039557877029399315,0.08734155635729957,0.04193585358941265,0.009175159656185386,3.7662817496556715
Policy-impact matrix,89,95.38513619447488,True,Social protection policy,Infrastructure investment,0.8183965934832151,True,0.04240923376254797,0.08577562205434741,0.0458989386317199,0.016757757482850577,3.6240902801020702
Policy-impact matrix,90,98.1389798282165,True,Social protection policy,Infrastructure investment,0.8208446424535488,True,0.06243215284756226,0.1564584170647041,0.05536615697974279,0.006687960922021036,3.6961061877546864
Policy-impact matrix,91,96.73850340885721,True,Social protection policy,Infrastructure investment,0.8197010766317722,True,0.051101600801455205,0.11387427054436705,0.05544839684960923,0.009532935411116938,3.7002144845871587
Policy-impact matrix,92,96.20228215010756,True,Social protection policy,Infrastructure investment,0.8175699861198333,True,0.04928696765307012,0.10733192067801622,0.05136678970213171,0.013805676405597475,3.6546800841313005
Policy-impact matrix,93,98.64938390496098,True,Social protection policy,Social protection policy,0.8275850712264079,True,0.04999182050321489,0.08811408615362393,0.07605952125764048,0.01079776434998772,3.6959019488188565
Policy-impact matrix,94,92.88043056392887,True,Social protection policy,Infrastructure investment,0.809202231699673,True,0.03436799598257425,0.0657695576138898,0.04245842533822253,0.01206000298689755,3.727410304224659
Policy-impact matrix,95,97.48047502830529,True,Social protection policy,Infrastructure investment,0.8186465080888942,True,0.05010961041234019,0.10544005254296118,0.05618033572471004,0.013763248175519438,3.753655703908096
Policy-impact matrix,96,93.64645571762637,True,Social protection policy,Infrastructure investment,0.8120947086889707,True,0.03772611132929775,0.08388065336164452,0.037383109936122705,0.010777626354774889,3.692164551526144
Policy-impact matrix,97,95.8123470065777,True,Social protection policy,Infrastructure investment,0.8149610448495116,True,0.04938349095926252,0.1107546703632104,0.047410530443773524,0.014677017550434865,3.6929385213012123
Policy-impact matrix,98,92.95115534203133,True,Social protection policy,Infrastructure investment,0.8105407412612851,True,0.03990732303853376,0.08323589224962202,0.04572734091122521,0.010712397474020918,3.6328521738600035
Policy-impact matrix,99,93.92591201502017,True,Social protection policy,Infrastructure investment,0.8113808122712735,True,0.042650479942319526,0.09657525024629632,0.04388888924401069,0.00881254030781134,3.701498777215745
Policy-impact matrix,100,92.7581981145583,True,Social protection policy,Infrastructure investment,0.8099217703105027,True,0.03330695677987704,0.06597983581043898,0.03968318788663994,0.010911325032490704,3.722602038388017
Interaction matrix,1,97.57511255834336,True,Social protection policy,Infrastructure investment,0.8152918415269511,True,0.04495676014825789,0.10151137086017659,0.046576602819741186,0.009260686838984858,3.8524819130257946
Interaction matrix,2,97.12408909657223,True,Social protection policy,Infrastructure investment,0.8188536429849638,True,0.043548983569205266,0.10123566833683062,0.04081157763756671,0.010374196517821094,3.8026615873736938
Interaction matrix,3,97.06664567463307,True,Social protection policy,Infrastructure investment,0.8181843644894329,True,0.044091395994269915,0.10150504673006167,0.041616593197261964,0.01119824605262107,3.765721986553095
Interaction matrix,4,96.9544572224932,True,Social protection policy,Infrastructure investment,0.8143401613528365,True,0.04681113898506768,0.10184004787911616,0.0511656166928125,0.010833321875808238,3.782070646023859
Interaction matrix,5,93.8154751505299,True,Social protection policy,Infrastructure investment,0.8183770084053956,True,0.048190927139910966,0.1041088667367076,0.04924443369692155,0.015314944556059223,3.5775635529597376
Interaction matrix,6,91.51715772535164,True,Social protection policy,Infrastructure investment,0.8135154626621355,True,0.0444668113888556,0.10609137066661467,0.033608999055084854,0.01593347013929508,3.548462132667236
Interaction matrix,7,98.70016249373327,True,Social protection policy,Infrastructure investment,0.8228052563117977,True,0.04586551148488765,0.09962766813089252,0.04778085341329996,0.013120768652914297,3.678815026626164
Interaction matrix,8,94.40484649956537,True,Social protection policy,Infrastructure investment,0.8129683326039229,True,0.04421544436705776,0.10387525656013907,0.038590137485611575,0.01228866123895149,3.7165858895738286
Interaction matrix,9,92.69658455318242,True,Social protection policy,Infrastructure investment,0.8158780364484995,True,0.04955193555581883,0.10447217534119402,0.05267556974113147,0.016284029363040395,3.5318660324154196
Interaction matrix,10,91.57168806104028,True,Social protection policy,Infrastructure investment,0.8230665252004743,True,0.04617034388836207,0.10491664653136479,0.03732849069553629,0.01935106638236618,3.3818463499697935
Interaction matrix,11,97.49424093828553,True,Social protection policy,Infrastructure investment,0.8125707764115051,True,0.05038721016534827,0.09993789023764599,0.06681869095172821,0.009598654389344749,3.8373509008955184
Interaction matrix,12,97.84696202829836,True,Social protection policy,Infrastructure investment,0.8176005177837132,True,0.04726592620855002,0.101506869173968,0.05259554680826872,0.011328325747688314,3.7598693282584543
Interaction matrix,13,98.840905506095,True,Social protection policy,Infrastructure investment,0.8169843838734445,True,0.0432653105495116,0.10166832019762617,0.03998859246259934,0.009771674263065064,3.8296132973994412
Interaction matrix,14,96.18718381581249,True,Social protection policy,Infrastructure investment,0.8158956072570214,True,0.05009613721664846,0.10130462446964594,0.06257847281368689,0.011453382974936782,3.754211829212027
Interaction matrix,15,96.09366471262207,True,Social protection policy,Infrastructure investment,0.8134352926185128,True,0.04991378660065916,0.10135783381470143,0.0617289170993669,0.011611502188238768,3.7471437482238596
Interaction matrix,16,93.25090286354069,True,Social protection policy,Infrastructure investment,0.8229711000973913,True,0.04582463293226037,0.10394063317736624,0.03875492713321893,0.01769065495232615,3.4641537883331543
Interaction matrix,17,98.17806666118327,True,Social protection policy,Infrastructure investment,0.8221920643226703,True,0.04988422660783119,0.09917788414686479,0.06334545619832754,0.012071452782216816,3.7263965247482282
Interaction matrix,18,93.67260430729863,True,Social protection policy,Infrastructure investment,0.8162667557684293,True,0.05003161082170492,0.10387594841545866,0.05719673244903556,0.014037957011472965,3.6368168888413313
Interaction matrix,19,93.80396370743166,True,Social protection policy,Infrastructure investment,0.8225638009773524,True,0.04784411347087684,0.10296861052464357,0.04752239426763383,0.016963392355791543,3.499363149034528
Interaction matrix,20,96.33004706116233,True,Social protection policy,Infrastructure investment,0.8104473440833019,True,0.04742217113261706,0.10243599327405739,0.053534869177179756,0.010006736512922582,3.819106393946349
Interaction matrix,21,95.078319864522,True,Social protection policy,Infrastructure investment,0.8168711947837588,True,0.04499676120552843,0.10337612531414353,0.0405120861335051,0.013600452771700876,3.6569275488398287
Interaction matrix,22,98.83285128395447,True,Social protection policy,Infrastructure investment,0.8131287498491895,True,0.04811593503909143,0.0996924990684297,0.060539289704431565,0.008173983863958734,3.9012173887909207
Interaction matrix,23,99.06764942388709,True,Social protection policy,Infrastructure investment,0.8175028691214872,True,0.042941419843244386,0.10109567457929614,0.03759924524765046,0.011600049624408734,3.747670717070012
Interaction matrix,24,98.92949242951603,True,Social protection policy,Infrastructure investment,0.8253107530522757,True,0.0491814292489084,0.09970188143779712,0.05958558775324729,0.012847533180134978,3.691252514651954
Interaction matrix,25,94.36794977183698,True,Social protection policy,Infrastructure investment,0.8118509321631943,True,0.04952357273451453,0.10322105011155347,0.05775176006748961,0.012359694391757756,3.713373367514666
Interaction matrix,26,94.63950770998851,True,Social protection policy,Infrastructure investment,0.8216436606612433,True,0.04950759668521805,0.1025274606242611,0.054938277096685195,0.015810850677316884,3.554247249859352
Interaction matrix,27,99.75150272389645,True,Social protection policy,Infrastructure investment,0.8125022846197796,True,0.039034919997166226,0.10088976145938433,0.029201577340604357,0.006530881190093096,3.9757511899609908
Interaction matrix,28,99.68290281369079,True,Social protection policy,Infrastructure investment,0.8120396341634871,True,0.046277657036526386,0.10121330541242801,0.053106019406059635,0.007652474809354701,3.9247187560493546
Interaction matrix,29,98.09788103943356,True,Social protection policy,Infrastructure investment,0.8196533799202314,True,0.045838215524313046,0.10173400355272677,0.04655783728060847,0.012141913501760415,3.7232188666943147
Interaction matrix,30,94.63194334190675,True,Social protection policy,Infrastructure investment,0.8070697001901905,True,0.04584489516988211,0.10401109090296579,0.04523948367579833,0.011206558515823278,3.765287292500329
Interaction matrix,31,96.3463354236911,True,Social protection policy,Infrastructure investment,0.8048231902776182,True,0.042776371982754864,0.10397832448486033,0.03717339994837193,0.008565577506409766,3.883626161664546
Interaction matrix,32,93.10808552172878,True,Social protection policy,Infrastructure investment,0.8237685628825447,True,0.04629068629945161,0.10352459620990029,0.041152335478813584,0.01734047035936677,3.4811672674655867
Interaction matrix,33,94.14008506636262,True,Social protection policy,Infrastructure investment,0.8152611922843059,True,0.04475603879162041,0.10428077322680962,0.03843316750841763,0.013932195035444198,3.6416841521165324
Interaction matrix,34,97.9644546837548,True,Social protection policy,Infrastructure investment,0.8226146458443881,True,0.045605212094561656,0.10145880958020181,0.04519323396024233,0.01296619879052166,3.6858504788956656
Interaction matrix,35,93.19265344981417,True,Social protection policy,Infrastructure investment,0.8187349371221955,True,0.047583159906179055,0.10412299071752584,0.0467218897583177,0.01569617919578313,3.5596579530460706
Interaction matrix,36,98.4887065928647,True,Social protection policy,Infrastructure investment,0.8098566094797973,True,0.04918924056875996,0.1002304597664383,0.06435579180075279,0.007576090423468768,3.9281681549808427
Interaction matrix,37,96.33605934149546,True,Social protection policy,Infrastructure investment,0.810576489109858,True,0.044751609120729396,0.10282484820257776,0.04359182297065067,0.010213960749324458,3.8098169441066148
Interaction matrix,38,96.96236380151976,True,Social protection policy,Infrastructure investment,0.8195378444546833,True,0.049961553301576214,0.10091764933815839,0.06261770966198488,0.011330077555373491,3.7597872317223686
Interaction matrix,39,99.66341929368588,True,Social protection policy,Infrastructure investment,0.8125514897383403,True,0.04927686857097039,0.09839691563114716,0.0662819645858651,0.007790159781384087,3.918527365832872
Interaction matrix,40,92.13347031106734,True,Social protection policy,Infrastructure investment,0.8180247764219165,True,0.04540708572401345,0.1051925327302684,0.03703668900780088,0.016695578295977773,3.5122121918580422
Interaction matrix,41,97.08805497172771,True,Social protection policy,Infrastructure investment,0.8140137192666977,True,0.04634341630036826,0.10227488392251671,0.05046400509127236,0.00946306803749987,3.8433332664206734
Interaction matrix,42,96.55114075267903,True,Social protection policy,Infrastructure investment,0.8124233312303138,True,0.046686908865336815,0.10281874608691055,0.049644152624812476,0.01094128231695582,3.777246495343877
Interaction matrix,43,95.35235912364587,True,Social protection policy,Infrastructure investment,0.8214858768857781,True,0.05075939924423077,0.10169905235143506,0.06199331036993927,0.013965534633433349,3.6401459189057888
Interaction matrix,44,93.99579710653926,True,Social protection policy,Infrastructure investment,0.8197647271979122,True,0.045546697640606384,0.10383728436044726,0.039866356729214125,0.015709800652460984,3.5590116160818437
Interaction matrix,45,100.48186182581004,True,Social protection policy,Infrastructure investment,0.8134928422169462,True,0.04789003768463801,0.09888051008269427,0.06205823052865278,0.00667639128488598,3.9690699365490176
Interaction matrix,46,95.66845503038894,True,Social protection policy,Infrastructure investment,0.8111411915019436,True,0.04253016262786406,0.10341334988475914,0.035331383912189374,0.010110835400575696,3.814444239617957
Interaction matrix,47,100.33256898689905,True,Social protection policy,Infrastructure investment,0.8176332913114475,True,0.04881905884390582,0.09914379549861252,0.06261681926852425,0.00910609118653359,3.8594031211770257
Interaction matrix,48,97.29286368525658,True,Social protection policy,Infrastructure investment,0.8202294301865928,True,0.046674161620469855,0.10069840578715872,0.05082083395866255,0.011840325925823236,3.7368440210488703
Interaction matrix,49,98.31521545604855,True,Social protection policy,Infrastructure investment,0.820996069937091,True,0.0453546818874189,0.09942965932445558,0.048871072850177555,0.010440654431333032,3.7996727970501913
Interaction matrix,50,94.53472392530142,True,Social protection policy,Infrastructure investment,0.8166858931087673,True,0.05035401268623518,0.10283739859204921,0.05924482142948406,0.014156824380289881,3.6313723181768287
Interaction matrix,51,100.45641979231775,True,Social protection policy,Infrastructure investment,0.8079488480965761,True,0.04393710445412521,0.10018648299394095,0.047349462152177835,0.006243920443319437,3.988936333780367
Interaction matrix,52,100.40354767279541,True,Social protection policy,Social protection policy,0.8226064612272533,True,0.048578398705871696,0.09743659740487665,0.062319423665157636,0.01026837440051663,3.807396011172086
Interaction matrix,53,96.88092129695744,True,Social protection policy,Infrastructure investment,0.8155107104586033,True,0.04654505966439536,0.10152160954661305,0.050931766143396895,0.01045433313537382,3.7990557993714202
Interaction matrix,54,98.80671584946899,True,Social protection policy,Infrastructure investment,0.8113304268788797,True,0.04334614283793042,0.10183952125884288,0.04226566061827597,0.0076063180556376064,3.9267228327177808
Interaction matrix,55,101.8748663508364,True,Social protection policy,Social protection policy,0.8193559007937051,True,0.04382255414049514,0.09747311387089053,0.04917680950693426,0.0067290161139082205,3.966630537013231
Interaction matrix,56,93.03498047045551,True,Social protection policy,Infrastructure investment,0.8177202532129577,True,0.048177602881680937,0.10409744643123797,0.04794376074692597,0.016580402907719352,3.5177317620757136
Interaction matrix,57,96.70492997962855,True,Social protection policy,Infrastructure investment,0.8180314461909168,True,0.049088768834400644,0.10112829730602535,0.05837194642589649,0.0123104471884804,3.7155969191303377
Interaction matrix,58,99.46712754984334,True,Social protection policy,Social protection policy,0.8261834341938938,True,0.047970097325836215,0.09772392401499808,0.05886385737318389,0.011307559252244775,3.760802303912923
Interaction matrix,59,93.67141671474587,True,Social protection policy,Infrastructure investment,0.813202353070201,True,0.046661064178415305,0.10478783095966704,0.04547993315175303,0.0130459605130335,3.682225269255762
Interaction matrix,60,96.03045127902907,True,Social protection policy,Infrastructure investment,0.8192045655244411,True,0.04597876753095815,0.10231708921263616,0.04571940930792151,0.012889187837795857,3.689348268183531
Interaction matrix,61,100.4518904642171,True,Social protection policy,Infrastructure investment,0.8209360366046016,True,0.048395322255329117,0.09871542927643562,0.060574931704307056,0.010093266912909252,3.815244912424001
Interaction matrix,62,94.98118148627427,True,Social protection policy,Infrastructure investment,0.816779135988249,True,0.048386710565026476,0.10262402501347445,0.05289151195281838,0.013837950011299852,3.646019308827492
Interaction matrix,63,98.39804586663402,True,Social protection policy,Infrastructure investment,0.8169314702038633,True,0.04340191946034089,0.10102986285481075,0.04097154480288023,0.009905310453502125,3.823639395843295
Interaction matrix,64,95.00026271980539,True,Social protection policy,Infrastructure investment,0.8161238237147962,True,0.04469719787382569,0.10311731580062633,0.03978893167665021,0.013533945081113372,3.659947852646843
Interaction matrix,65,96.31787928224846,True,Social protection policy,Infrastructure investment,0.8097336844282892,True,0.04475306978520694,0.10298983637753645,0.04374881509708661,0.009897092773601249,3.823998957614782
Interaction matrix,66,96.03020115925122,True,Social protection policy,Infrastructure investment,0.8203323354323057,True,0.04781605894914663,0.10189333348012852,0.051271336898885744,0.014191535942998948,3.629746543106493
Interaction matrix,67,100.68891573903207,True,Social protection policy,Infrastructure investment,0.8119568268370814,True,0.0463124931383477,0.09946662193415012,0.05714507032263305,0.005482033727433763,4.024389065651741
Interaction matrix,68,94.387978573087,True,Social protection policy,Infrastructure investment,0.8145907394339341,True,0.045268562963375225,0.10379552165303918,0.04180784101883417,0.01283660769993994,3.6917478140123228
Interaction matrix,69,94.94887994860564,True,Social protection policy,Infrastructure investment,0.8165729729123616,True,0.04859839081810369,0.10185717913915016,0.055434897387728665,0.012802291336484084,3.6933002779010766
Interaction matrix,70,100.12192254967452,True,Social protection policy,Infrastructure investment,0.8156825204860371,True,0.04507069938379097,0.09981470715526508,0.04920303864103248,0.008729702046970836,3.8762648247173632
Interaction matrix,71,95.15833920800732,True,Social protection policy,Infrastructure investment,0.8230201005242146,True,0.047767951135708454,0.10162689140856984,0.050236766552117285,0.015324171014292454,3.577181709066641
Interaction matrix,72,94.35776517139871,True,Social protection policy,Infrastructure investment,0.8135280433585884,True,0.045489196735445124,0.10382790539481845,0.04150065052518026,0.013883632654059244,3.643921484013723
Interaction matrix,73,94.82894515171185,True,Social protection policy,Infrastructure investment,0.8151375053001059,True,0.047016474274563236,0.10322940986036544,0.04882305497203221,0.01250519512857369,3.706784543462171
Interaction matrix,74,95.69539347688601,True,Social protection policy,Infrastructure investment,0.8196251993323008,True,0.048649274230029994,0.10291673144064573,0.053205590011663584,0.014150138352795646,3.6316526466019976
Interaction matrix,75,94.62296839793851,True,Social protection policy,Infrastructure investment,0.8195648714989179,True,0.048331725771604654,0.10312712615771247,0.05217656129924941,0.013857352743654391,3.645119432401052
Interaction matrix,76,96.04562855998945,True,Social protection policy,Infrastructure investment,0.8193703448990471,True,0.04530825342017841,0.10193308039330906,0.04261558091922635,0.014030225658089021,3.6371477261067184
Interaction matrix,77,97.66000771975241,True,Social protection policy,Infrastructure investment,0.8041573883671215,True,0.043837335855444984,0.10269906171380816,0.042934970571758435,0.0077966432084908555,3.91821095100145
Interaction matrix,78,98.3990792874481,True,Social protection policy,Infrastructure investment,0.8147159090971743,True,0.04329267149878045,0.10177982495958571,0.03959327827853254,0.010151247007613315,3.812650636072891
Interaction matrix,79,95.10624150894603,True,Social protection policy,Infrastructure investment,0.8203122114916883,True,0.04754719868717304,0.10272558058276426,0.04890246029248502,0.014787154529856343,3.6021768770379228
Interaction matrix,80,95.59915567476156,True,Social protection policy,Infrastructure investment,0.8099891236984843,True,0.04446482717410278,0.10368695937126693,0.04106383554672033,0.01087610019137246,3.780169317023958
Interaction matrix,81,98.2702029662563,True,Social protection policy,Infrastructure investment,0.813602263741768,True,0.04588118962103608,0.10062121174589722,0.050231549574200285,0.009731402353528762,3.8314312391156253
Interaction matrix,82,95.05838424505264,True,Social protection policy,Infrastructure investment,0.8158683788336144,True,0.046744079979076224,0.10259347268652597,0.048990502004033654,0.01202030523620716,3.7287074146183685
Interaction matrix,83,99.66740427176413,True,Social protection policy,Social protection policy,0.8275974301895833,True,0.04856768289566303,0.09878563928751649,0.0579948011736926,0.013206449673611509,3.674913970972873
Interaction matrix,84,98.86691617224281,True,Social protection policy,Infrastructure investment,0.8179003155947682,True,0.04496560938310734,0.09920174012867233,0.04827731799255397,0.009900574719649405,3.8238387885452823
Interaction matrix,85,94.8817420862876,True,Social protection policy,Infrastructure investment,0.8204390402271627,True,0.044565480785718606,0.10349810027698203,0.03747036527032577,0.015010717202707323,3.5917604810738304
Interaction matrix,86,95.61989339859284,True,Social protection policy,Infrastructure investment,0.8218283675151413,True,0.048776707785889474,0.10135370049084547,0.05442236642799558,0.014942410331772099,3.5949771524622736
Interaction matrix,87,93.12161940352472,True,Social protection policy,Infrastructure investment,0.8204884919602865,True,0.04894391195748709,0.1044789911683831,0.05001626926378033,0.016808431419041384,3.506809403766876
Interaction matrix,88,100.04316550450055,True,Social protection policy,Infrastructure investment,0.8185623822739647,True,0.04559464748847931,0.09946723575122496,0.050656284696686815,0.009457745761765807,3.843674729279238
Interaction matrix,89,96.39321990284402,True,Social protection policy,Infrastructure investment,0.819076688704344,True,0.04903277387673399,0.10097460718717521,0.05839901047796181,0.01224109090343195,3.7187375900256434
Interaction matrix,90,98.8238377426631,True,Social protection policy,Social protection policy,0.827635937475095,True,0.04981525929319519,0.09862095207383048,0.06284388868861779,0.012888566763734899,3.6894052685863956
Interaction matrix,91,94.1050734615185,True,Social protection policy,Infrastructure investment,0.8107507491714148,True,0.04789689313545065,0.10419690915126667,0.05127503384705456,0.012167182975756016,3.722078008628185
Interaction matrix,92,98.92001891768108,True,Social protection policy,Social protection policy,0.8205662067197691,True,0.04540308216179144,0.1000027216176479,0.04923189086143953,0.009676175087182617,3.833901260898798
Interaction matrix,93,98.14062075154837,True,Social protection policy,Infrastructure investment,0.815902795972804,True,0.047876551613098485,0.10054571220396624,0.05860911155662807,0.008413106885250363,3.8904627519177826
Interaction matrix,94,94.945366588864,True,Social protection policy,Infrastructure investment,0.8112457003060711,True,0.04700491669177572,0.10342118652498122,0.049814069418971874,0.011281952477261936,3.7619569637364054
Interaction matrix,95,94.30398785930244,True,Social protection policy,Infrastructure investment,0.8141452732284709,True,0.04097015172074582,0.10396968962579567,0.026954818359260224,0.012471023037554492,3.7083366734192484
Interaction matrix,96,96.81191031410522,True,Social protection policy,Infrastructure investment,0.8159223975686883,True,0.042533306050548655,0.10169035080944566,0.03668390765283169,0.010492312714642932,3.797372954119291
Interaction matrix,97,94.35369389690356,True,Social protection policy,Infrastructure investment,0.824947571960418,True,0.046135660017471894,0.10255810507141039,0.042432441641711005,0.016484263348030236,3.522327565270562
Interaction matrix,98,94.94414996707657,True,Social protection policy,Infrastructure investment,0.8179957807628727,True,0.049701595429462495,0.10246725539949675,0.058311383342367185,0.013176945261254791,3.6762599610044053
Interaction matrix,99,92.71556242100694,True,Social protection policy,Infrastructure investment,0.8158781373166168,True,0.04719237366377479,0.10506555693838959,0.044602270504690344,0.01550548038013183,3.5686222690426663
Interaction matrix,100,96.58956415567796,True,Social protection policy,Infrastructure investment,0.8200994511428796,True,0.04878055888613116,0.10065894927047403,0.058427045288258705,0.011645961542726332,3.745573233301393
Persistence parameters,1,99.9684653843492,True,Social protection policy,Infrastructure investment,0.7912949146637015,True,0.04612954706788267,0.11015293039930762,0.03125707797711108,0.020043406361170635,4.571115767152233
Persistence parameters,2,93.75770731116607,True,Social protection policy,Infrastructure investment,0.8115773964905622,True,0.03801872144477986,0.09693550256375638,0.024650854106900155,0.01147916838607297,3.6651867861727334
Persistence parameters,3,92.95677381562761,True,Social protection policy,Infrastructure investment,0.8331311516155827,True,0.039405207045157965,0.10048163259181575,0.02852648173796507,0.008910110328272047,3.2274638500515715
Persistence parameters,4,89.64824284792766,True,Social protection policy,Social protection policy,0.7865014572032576,True,0.03256029406145266,0.07195824897038178,0.02665103306842609,0.01535174717627645,3.899377792702189
Persistence parameters,5,97.21781810183654,True,Social protection policy,Social protection policy,0.8233600687678223,True,0.06389616900706566,0.08517786881192713,0.12664094305777063,0.011817779655032043,3.7155974022714746
Persistence parameters,6,97.85178288182337,True,Social protection policy,Infrastructure investment,0.8483551955500531,True,0.04681550680692359,0.11379547502709697,0.04238063894595179,0.007678159851183808,3.224223678116407
Persistence parameters,7,90.45061133615397,True,Social protection policy,Social protection policy,0.8294456006373698,True,0.03510601577607392,0.08634204459641986,0.028771017412742073,0.007757993207096768,3.187927850005425
Persistence parameters,8,95.7956146918522,True,Social protection policy,Social protection policy,0.8115697852371582,True,0.05461191795270222,0.07937005433369543,0.0979297753990277,0.013841883101734648,3.8420257948224323
Persistence parameters,9,90.65931937534698,True,Social protection policy,Social protection policy,0.8403040260449856,True,0.05503436454999642,0.06483136124334071,0.12095262422290443,0.006836290458742317,3.0095023014328692
Persistence parameters,10,97.7810755924644,True,Social protection policy,Infrastructure investment,0.8187542696988206,True,0.04772224415393895,0.10867595481084003,0.04647446414993528,0.01187743557801102,3.793573818824449
Persistence parameters,11,93.18108721722385,True,Social protection policy,Social protection policy,0.801465531208118,True,0.040055984694578335,0.07460941687644929,0.05272770680573913,0.012858822748835777,3.8602076473003573
Persistence parameters,12,89.36419860267483,True,Social protection policy,Social protection policy,0.7884694557442495,True,0.03216043551426231,0.07463362588879546,0.02400199956114424,0.013925898849978385,3.8302806064348425
Persistence parameters,13,93.02095721643944,True,Social protection policy,Social protection policy,0.7838787437278226,True,0.04566106815290221,0.07508418411153017,0.06815902216925385,0.01657053225437373,4.165086750540498
Persistence parameters,14,92.40424562616175,True,Social protection policy,Social protection policy,0.788024262325648,True,0.044283029305434055,0.07851184212045581,0.06168682133022352,0.014791939118339856,4.0159658900492134
Persistence parameters,15,91.10137973130985,True,Social protection policy,Social protection policy,0.8286190383729571,True,0.03166080040600474,0.08052093406532262,0.022256086248471585,0.008035781107222396,3.257641051907651
Persistence parameters,16,93.48548487645544,True,Social protection policy,Infrastructure investment,0.8344366936354961,True,0.04186027713737524,0.10131810741192104,0.0373977601795355,0.007795102389356802,3.185166625005273
Persistence parameters,17,97.44591227767073,True,Social protection policy,Infrastructure investment,0.7987878989907403,True,0.046932065184068575,0.10175896574106358,0.04634453168760677,0.016158730715569683,4.1902534032467145
Persistence parameters,18,97.15689062338939,True,Social protection policy,Infrastructure investment,0.8192077319936969,True,0.04637753829570384,0.10829690103101086,0.04153687667394523,0.012487606330007325,3.808992711788461
Persistence parameters,19,96.11015324821926,True,Social protection policy,Social protection policy,0.8076086401872138,True,0.050585855247236036,0.08828486073198771,0.07485981235853856,0.013905820274799863,3.897163731584488
Persistence parameters,20,99.24313570997396,True,Social protection policy,Infrastructure investment,0.824740615683129,True,0.04742417368059744,0.11668894434398114,0.03768582780170704,0.011609835736402868,3.7794940446666003
Persistence parameters,21,97.17323090735373,True,Social protection policy,Infrastructure investment,0.8230771652124504,True,0.05286114754340321,0.10767370888279282,0.06516573806339943,0.012174569455719,3.597718969487433
Persistence parameters,22,95.99081932754493,True,Social protection policy,Infrastructure investment,0.8381910181321386,True,0.04950092431149143,0.10013828398514102,0.06443448958271192,0.00868046152236708,3.2631027427763866
Persistence parameters,23,94.6838921350365,True,Social protection policy,Infrastructure investment,0.8233329468995739,True,0.04749328907393142,0.11248533576666908,0.043729882550744226,0.010011293441346644,3.41614401669873
Persistence parameters,24,92.59304578746854,True,Social protection policy,Social protection policy,0.8470820843016308,True,0.05060067762826107,0.06965030964567548,0.1004175716601976,0.007034490393040653,2.9626650517241924
Persistence parameters,25,93.48216603890928,True,Social protection policy,Infrastructure investment,0.8436235194196882,True,0.041664948185256526,0.10184074336401794,0.03642824151361973,0.007558333770760171,3.120537901706384
Persistence parameters,26,98.09092286974612,True,Social protection policy,Social protection policy,0.8015860385537377,True,0.058897730272483725,0.08336387946625162,0.10664176162035166,0.01613641486708975,4.207320593687458
Persistence parameters,27,89.63838462079849,True,Social protection policy,Social protection policy,0.8052192487183817,True,0.036524157115091556,0.074826167198707,0.042971847663031415,0.01003653504108204,3.5043824497800173
Persistence parameters,28,97.95868429688798,True,Social protection policy,Social protection policy,0.8044576143636816,True,0.06002206560678295,0.08824525068824213,0.10583533066592743,0.01599664826957077,4.127862792542964
Persistence parameters,29,96.06318398854437,True,Social protection policy,Social protection policy,0.8246154277026148,True,0.05539016542419868,0.07249940823814882,0.10956276366290507,0.011803407083641498,3.6100009101175328
Persistence parameters,30,93.19658923792676,True,Social protection policy,Infrastructure investment,0.8311502853647138,True,0.04754697535937633,0.08726594973271568,0.07079382427560454,0.008354639749496934,3.2407465024538262
Persistence parameters,31,93.92098837937458,True,Social protection policy,Infrastructure investment,0.8016522994258134,True,0.04019116095349941,0.09593643577402533,0.031206917643030685,0.01352570992019192,3.8947254791224055
Persistence parameters,32,99.13792886072804,True,Social protection policy,Social protection policy,0.8177664753560954,True,0.06043790275191695,0.0836591431749073,0.11398438876831918,0.013889127688482814,3.943847658690449
Persistence parameters,33,91.26548445006591,True,Social protection policy,Social protection policy,0.7985225640160835,True,0.03798648540294668,0.07696666165781169,0.04253304734893493,0.013452989903566775,3.7749660764714346
Persistence parameters,34,93.81911432155286,True,Social protection policy,Infrastructure investment,0.8163220830212823,True,0.038503020609529044,0.09319163252225587,0.029898526697156758,0.01167041291393902,3.638679195307035
Persistence parameters,35,94.20723034552296,True,Social protection policy,Social protection policy,0.7665719161545581,True,0.03779893872118543,0.0768996259675142,0.03388656978764859,0.02151008976898619,4.693638242829532
Persistence parameters,36,95.93292358573589,True,Social protection policy,Infrastructure investment,0.7762773311819572,True,0.04032783301451743,0.091492706826024,0.02985754657995615,0.01979716214483085,4.607720711075882
Persistence parameters,37,97.36202866007321,True,Social protection policy,Social protection policy,0.8479606277853667,True,0.06067623101432467,0.0981024136153078,0.10598841541821102,0.00827597951661753,3.1733958585240334
Persistence parameters,38,98.02628645661605,True,Social protection policy,Infrastructure investment,0.8293480340007819,True,0.048829231676772146,0.10906518286989098,0.051346396370613445,0.010490731628198066,3.6034901134917017
Persistence parameters,39,96.00404868811026,True,Social protection policy,Infrastructure investment,0.8032060279715223,True,0.04459302390232096,0.10883274413430444,0.03369124808714896,0.013551591436669938,3.970273835686334
Persistence parameters,40,95.34474131174629,True,Social protection policy,Infrastructure investment,0.8093859940195923,True,0.04188712700636334,0.09810876677982872,0.03446606041531419,0.014030117327128777,3.906609909691192
Persistence parameters,41,99.25539462560673,True,Social protection policy,Infrastructure investment,0.8173084117385209,True,0.04899760003403132,0.12055001440144342,0.03588888868881701,0.015052697028849205,3.962650033192762
Persistence parameters,42,95.83365429763472,True,Social protection policy,Social protection policy,0.8203484254940563,True,0.05177660755233117,0.09276335628986165,0.0774595588424365,0.010995211300860952,3.6261897436985704
Persistence parameters,43,95.22466911593688,True,Social protection policy,Infrastructure investment,0.8260725880945728,True,0.04986666583760235,0.10129889768677969,0.06412499111391079,0.009109441630917772,3.410505375383218
Persistence parameters,44,101.80011905791471,True,Social protection policy,Infrastructure investment,0.7652853218158039,True,0.06291395738199473,0.09436507790896553,0.09954241564239219,0.026291357285623845,5.208248742237855
Persistence parameters,45,97.89355290627005,True,Social protection policy,Social protection policy,0.8316422501418034,True,0.05523630605655323,0.09916016417862861,0.08296791399573566,0.011198993023572044,3.5368783184713997
Persistence parameters,46,96.4235620681854,True,Social protection policy,Infrastructure investment,0.8386569575093866,True,0.05098898681592834,0.11585188846092687,0.05382426021144726,0.008785305183375072,3.281392303309629
Persistence parameters,47,94.30133646121513,True,Social protection policy,Infrastructure investment,0.8167850842249035,True,0.04809024814484081,0.10039303402555444,0.057352942053456535,0.010569892427931854,3.5793945163228615
Persistence parameters,48,91.95498380677617,True,Social protection policy,Infrastructure investment,0.8228911098776875,True,0.0411945035161525,0.08871110659412196,0.045570930831497214,0.009898724880914596,3.3914813490569196
Persistence parameters,49,96.4827166821902,True,Social protection policy,Social protection policy,0.847625743391702,True,0.061239266461893545,0.08768151095276211,0.11860137716735664,0.00805454449650865,3.162164824589503
Persistence parameters,50,91.09968070301105,True,Social protection policy,Infrastructure investment,0.8086439963325568,True,0.03946404154194424,0.09899532851179738,0.027593767962419635,0.011535048922587846,3.5111303106208243
Persistence parameters,51,93.2260274763869,True,Social protection policy,Infrastructure investment,0.8413799183468491,True,0.04367354830546464,0.09998960907434074,0.045118789812226834,0.007749020182558651,3.111213274600752
Persistence parameters,52,93.92529146504226,True,Social protection policy,Social protection policy,0.797189453520817,True,0.04902134970795107,0.08305791258549333,0.075560888656109,0.012955922736226436,3.957013212763081
Persistence parameters,53,96.41120542007427,True,Social protection policy,Social protection policy,0.785632762890581,True,0.057442593773945554,0.0810262178666743,0.10162652681279472,0.01839633352934042,4.399605830549142
Persistence parameters,54,98.86365965809695,True,Social protection policy,Infrastructure investment,0.7990961647695606,True,0.054068083392769174,0.11583234858648417,0.05704863608496036,0.016357307203247573,4.186899668815969
Persistence parameters,55,97.15009336464195,True,Social protection policy,Infrastructure investment,0.8227069458498191,True,0.04508455982043234,0.11632665368921347,0.02904527507306326,0.012424030609236483,3.668719992410697
Persistence parameters,56,95.40016130991253,True,Social protection policy,Social protection policy,0.7862462333878253,True,0.05005999099705162,0.08426602633458036,0.072191018454278,0.018752923700822335,4.2862698614632695
Persistence parameters,57,92.68972735583202,True,Social protection policy,Infrastructure investment,0.8022618055732583,True,0.039921644700993034,0.09123322869525052,0.035111038397209804,0.013381489361015284,3.79294320019686
Persistence parameters,58,97.90366128980452,True,Social protection policy,Infrastructure investment,0.8106137534569439,True,0.051943473019966095,0.10802395867907899,0.06099629949219154,0.012781897398610811,3.961884258693158
Persistence parameters,59,95.32648669941591,True,Social protection policy,Infrastructure investment,0.8340753697206177,True,0.0550947546251907,0.0999266938525194,0.08371959934348161,0.009185347992166436,3.309603394487501
Persistence parameters,60,93.88717253276889,True,Social protection policy,Social protection policy,0.8196834261429149,True,0.05040901820968015,0.07678038857523872,0.08906151452848399,0.010589660630157809,3.543450893143955
Persistence parameters,61,91.80031855209025,True,Social protection policy,Social protection policy,0.8211700809537059,True,0.05166972963518261,0.06689670643260642,0.10394330541115326,0.01000404187937945,3.4081169851528195
Persistence parameters,62,96.63266453510354,True,Social protection policy,Infrastructure investment,0.8061412590431082,True,0.0483256517539119,0.10157197032903664,0.052648664648481946,0.014919146161173083,4.00255693314579
Persistence parameters,63,94.25890695979018,True,Social protection policy,Social protection policy,0.8458113042858596,True,0.04909726504338151,0.09177879731697014,0.07296608057158194,0.007095549763283193,3.026618093058055
Persistence parameters,64,92.89814904541291,True,Social protection policy,Infrastructure investment,0.7962603871313633,True,0.04099615834776488,0.09492960884664592,0.03420195720727687,0.014354988163254284,3.9271937291163903
Persistence parameters,65,96.13329099625832,True,Social protection policy,Social protection policy,0.8288488630053196,True,0.04507575922374802,0.09928951751612003,0.04908409974462247,0.009391540022375577,3.5261970712553294
Persistence parameters,66,93.60656053382374,True,Social protection policy,Social protection policy,0.788834040808907,True,0.038198961374214004,0.07982211108604115,0.03809572373579684,0.015778529987911002,4.110701887065923
Persistence parameters,67,93.01576056165689,True,Social protection policy,Infrastructure investment,0.8444833824252611,True,0.043364483021004895,0.10226885633622473,0.04333070028839675,0.006176133948895643,3.0187206254156904
Persistence parameters,68,95.28924789782906,True,Social protection policy,Infrastructure investment,0.8212784862736283,True,0.044120381877680796,0.10113986576070366,0.0421893098244811,0.011092160986698033,3.556237491549105
Persistence parameters,69,98.46851565086325,True,Social protection policy,Infrastructure investment,0.7559682878567171,True,0.04239931032560142,0.09686941483354261,0.025749633781951498,0.025778537524110884,5.174295131112862
Persistence parameters,70,91.43966291776098,True,Social protection policy,Social protection policy,0.8477770536177877,True,0.039321199779379805,0.08232861508257183,0.04815046110102961,0.0071451230442278885,2.9378637197237563
Persistence parameters,71,102.1652948395004,True,Social protection policy,Infrastructure investment,0.7989677749696665,True,0.05228074510736216,0.12180342786524945,0.04091563811035448,0.020263541900163634,4.55244327696363
Persistence parameters,72,96.17718398557409,True,Social protection policy,Infrastructure investment,0.8260403612795559,True,0.04428279644260806,0.10687762829364589,0.036960547996822246,0.011151611258660078,3.58986704223505
Persistence parameters,73,94.30634441222065,True,Social protection policy,Social protection policy,0.8217595831748942,True,0.04090787265845085,0.08828629505856345,0.042680791938964235,0.01221046730705029,3.6462915085084013
Persistence parameters,74,95.0347194815985,True,Social protection policy,Social protection policy,0.8293117609111579,True,0.05873384359230951,0.08965138407584422,0.1055301490762871,0.010386919420951962,3.414391570088871
Persistence parameters,75,100.08198908418233,True,Social protection policy,Infrastructure investment,0.8208090266050232,True,0.05531120632438747,0.11097319226526925,0.06935958927481645,0.013256440595270452,3.858707026415866
Persistence parameters,76,101.26201583416903,True,Social protection policy,Social protection policy,0.7996647064461488,True,0.06123538169209793,0.09802291913951411,0.09688536529949965,0.01941555148332902,4.450768236124767
Persistence parameters,77,94.74929280584236,True,Social protection policy,Infrastructure investment,0.8340919476610416,True,0.04458716875315827,0.11275803440201948,0.03528076257540502,0.008016293658629423,3.272605182819988
Persistence parameters,78,96.73751066268102,True,Social protection policy,Infrastructure investment,0.7981528635229741,True,0.04904254529363853,0.10418260181919337,0.05232949346213778,0.015136813246403688,4.098579501691362
Persistence parameters,79,97.76049238076416,True,Social protection policy,Infrastructure investment,0.8399264317706527,True,0.05208099905618664,0.10233962962690579,0.07032133705552535,0.009622530014222114,3.340076505366569
Persistence parameters,80,98.08333605350937,True,Social protection policy,Infrastructure investment,0.8155449140309855,True,0.057873857354069906,0.10368624018910311,0.08546712533708989,0.013405135213051672,3.8486142610036125
Persistence parameters,81,91.13150929263696,True,Social protection policy,Infrastructure investment,0.8022913994942212,True,0.03356260265421192,0.08188118660931915,0.02434057948525392,0.011247343195168652,3.667095553588845
Persistence parameters,82,94.20660993630302,True,Social protection policy,Infrastructure investment,0.8093203203451056,True,0.04387104942877911,0.09241100614458153,0.049311843907648645,0.011825822948496698,3.6940438061816665
Persistence parameters,83,97.4613942293432,True,Social protection policy,Infrastructure investment,0.79041278894531,True,0.04759391014252238,0.10665684192735869,0.03968607293253429,0.02023577063893532,4.396014916873695
Persistence parameters,84,92.62852832182145,True,Social protection policy,Social protection policy,0.7791368881886491,True,0.0400828511530269,0.06845196291330563,0.055290113019169196,0.016547903103119335,4.206329717090798
Persistence parameters,85,96.01303237912722,True,Social protection policy,Infrastructure investment,0.8063301997523834,True,0.04294745650349884,0.10057095458084664,0.03553595254835262,0.014209190633046681,4.012275456509879
Persistence parameters,86,92.44226072659964,True,Social protection policy,Infrastructure investment,0.7922495965581791,True,0.04187076015310298,0.07900208564771027,0.05270927579011542,0.014836299098034744,3.8944344917318747
Persistence parameters,87,88.08141221034036,True,Social protection policy,Infrastructure investment,0.8161946708267475,True,0.0360750962060303,0.07671804538654514,0.041125389571655846,0.008419401762905065,3.2385273151030014
Persistence parameters,88,92.70801510871553,True,Social protection policy,Social protection policy,0.8331722722155049,True,0.042259458045170666,0.08084020059527552,0.05976386495292907,0.00730403760989274,3.193572884206542
Persistence parameters,89,94.00765276290409,True,Social protection policy,Infrastructure investment,0.7909921811482261,True,0.040598509859553836,0.09086910823770378,0.03624597046493816,0.014979705805796481,4.096099924078429
Persistence parameters,90,92.09375439470656,True,Social protection policy,Social protection policy,0.7933267687573619,True,0.045812591340683224,0.07802828231865283,0.0695334833407878,0.012782304032950678,3.871512739293628
Persistence parameters,91,98.95700073471046,True,Social protection policy,Infrastructure investment,0.7725661636099992,True,0.05599000587816252,0.09221073317130435,0.0821443111235659,0.021609976278698567,4.81316506224666
Persistence parameters,92,98.19329927183477,True,Social protection policy,Social protection policy,0.8296746670194346,True,0.06629303445747654,0.092774810640745,0.12814677559964216,0.011104034360780758,3.6318393671552123
Persistence parameters,93,95.5311651176095,True,Social protection policy,Social protection policy,0.8001360899163502,True,0.05582783681913855,0.08560243237827259,0.09491194042112028,0.014883056067592035,4.012479682288976
Persistence parameters,94,95.81835726049167,True,Social protection policy,Social protection policy,0.7820107648607219,True,0.05805311222917808,0.06207040386778234,0.12227812379785208,0.01883736513648887,4.499076842837955
Persistence parameters,95,99.09682066165138,True,Social protection policy,Infrastructure investment,0.8168993075824479,True,0.05655470044184415,0.11243329811342606,0.07192855832153378,0.013579595111494702,3.879219577423948
Persistence parameters,96,92.36054814601994,True,Social protection policy,Social protection policy,0.815220298069518,True,0.056046429920763884,0.06437484602962995,0.12149658536677443,0.010291073326269225,3.579530374011218
Persistence parameters,97,98.99780472945083,True,Social protection policy,Social protection policy,0.8024690101428441,True,0.06727619243893039,0.09595938442678176,0.12208981516634654,0.017417473943128092,4.242939023303451
Persistence parameters,98,103.17527191676115,True,Social protection policy,Infrastructure investment,0.8179228535793811,True,0.06342855212178049,0.11214055181046212,0.09486335319498562,0.014996027420783972,4.115619972780209
Persistence parameters,99,99.07322790807217,True,Social protection policy,Social protection policy,0.8313380959723629,True,0.05600888693302617,0.10207512499180293,0.08226509847525687,0.011690880798531783,3.6234291573876725
Persistence parameters,100,95.52116265497543,True,Social protection policy,Infrastructure investment,0.8406265217296388,True,0.044080838573864065,0.11204856366263594,0.034726265087807906,0.007508106258080377,3.2070455521623122
Planner weights,1,85.76748641364966,True,Social protection policy,Social protection policy,0.7949740524232819,True,0.0867361755691449,0.1718546152501575,0.12134673104134652,0.010375268200503135,3.9115315217239197
Planner weights,2,97.99394567184719,True,Social protection policy,Infrastructure investment,0.8233196090092922,True,0.051515117288889835,0.10628191905113471,0.059748159345832885,0.014272832114146802,3.5263404494819044
Planner weights,3,89.4762878718729,True,Social protection policy,Infrastructure investment,0.8055292314773955,True,0.056311206639554245,0.12354682993891208,0.06318703074305576,0.010355362556472014,3.9136608926097454
Planner weights,4,81.22252327566996,True,Social protection policy,Social protection policy,0.8665500087815876,True,0.06794402626110076,0.15411050306655139,0.055846116423472036,0.027847472423829248,2.488130754812637
Planner weights,5,102.3330425904142,True,Social protection policy,Infrastructure investment,0.8289673580222515,True,0.03944679173997382,0.08197816668954927,0.04130854370475967,0.014777060695599434,3.4807820029595367
Planner weights,6,85.82621469885899,True,Social protection policy,Infrastructure investment,0.867827224316739,True,0.043778860184135494,0.08223258091746866,0.04418429778607369,0.02680913194093186,2.55719008437071
Planner weights,7,87.62315264509574,True,Social protection policy,Infrastructure investment,0.8162496608108466,True,0.056516267518984815,0.12998055627638216,0.05512759818882751,0.012698781851237198,3.6743348629922665
Planner weights,8,92.18825418633968,True,Social protection policy,Social protection policy,0.8278009518284922,True,0.057071461718947815,0.1329490154785693,0.051151689620920315,0.015649410916827734,3.4036047297708345
Planner weights,9,87.54416767382249,True,Social protection policy,Infrastructure investment,0.7737844572938359,True,0.08780851629560162,0.16906210068163108,0.13188173899971467,0.0063859673532599415,4.399080939739661
Planner weights,10,84.36251396603062,True,Social protection policy,Infrastructure investment,0.8376918237950408,True,0.056208599327102385,0.12166430961701236,0.05652551358563995,0.018540274442206052,3.162208590665997
Planner weights,11,64.78407457431821,True,Social protection policy,Social protection policy,0.8442214306608494,True,0.09837187516528227,0.1902387980644008,0.12995608631264832,0.024106678701438858,2.7437764850406694
Planner weights,12,86.23098291241217,True,Social protection policy,Social protection policy,0.8211458826554872,True,0.060632490474267144,0.13860485227362684,0.059347466623577816,0.014261397762730332,3.5274126750023163
Planner weights,13,67.19716219352894,True,Social protection policy,Infrastructure investment,0.8449397124570074,True,0.09024908764295939,0.16099421288307536,0.1311474338551658,0.023730160012116704,2.770570080240412
Planner weights,14,91.13688158375457,True,Social protection policy,Infrastructure investment,0.8058640120432818,True,0.054556175849170836,0.1258701512296747,0.05492615901066911,0.010150305231754114,3.9358881093609073
Planner weights,15,94.09837529742605,True,Social protection policy,Infrastructure investment,0.8032063656057494,True,0.06348781300271737,0.13799264960190039,0.07389063242222638,0.01032406348538406,3.917042346923737
Planner weights,16,87.26672810879026,True,Social protection policy,Social protection policy,0.8184002165991783,True,0.06539387866796725,0.14938408647304657,0.06562297363693781,0.013871515227901005,3.563266995747649
Planner weights,17,88.25298214345408,True,Social protection policy,Infrastructure investment,0.8512850442018675,True,0.047034309508061437,0.08055367886828912,0.06201025935923543,0.022056145050690493,2.892046836072303
Planner weights,18,109.06606418335288,True,Social protection policy,Infrastructure investment,0.8343712155745153,True,0.031184571711477902,0.061423727032863584,0.0321775098718331,0.015544764085475976,3.412722381433411
Planner weights,19,87.24157549218131,True,Social protection policy,Infrastructure investment,0.8544275232468622,True,0.056996228112522744,0.10353647115669606,0.07213996556385927,0.023810361673274265,2.7648484565379006
Planner weights,20,76.75115175156716,True,Social protection policy,Social protection policy,0.8405925245546716,True,0.07308807141442815,0.17366651227582358,0.06176718693057104,0.0203745507441039,3.0184776884752984
Planner weights,21,93.18054423087787,True,Infrastructure investment,Infrastructure investment,0.803864272045176,True,0.04971586766223562,0.07336148261642272,0.09066300392508642,0.009981050276315517,3.95442089562818
Planner weights,22,98.20638431346455,True,Social protection policy,Infrastructure investment,0.8708307370596977,True,0.03473752347440396,0.061886825050587624,0.032534421135906544,0.02716008597391968,2.5341045629753163
Planner weights,23,95.61644913692555,True,Infrastructure investment,Infrastructure investment,0.8462587134276446,True,0.036333088852816484,0.06222213099621865,0.04517986331381163,0.019763816674827392,3.0656237469377325
Planner weights,24,92.02686801984581,True,Social protection policy,Infrastructure investment,0.819778128098178,True,0.04958327432270256,0.09394503311147362,0.06603220867225534,0.01356421834573003,3.5918729587104004
Planner weights,25,74.17124019770168,True,Social protection policy,Social protection policy,0.835909749434638,True,0.08202818830291793,0.17840599298952436,0.08843773086733919,0.020254935203349186,3.0276780484506673
Planner weights,26,87.15377535474954,True,Social protection policy,Social protection policy,0.7898390821777819,True,0.08879962893301206,0.18190840693100285,0.11949698755742355,0.009393306777115792,4.020267273734665
Planner weights,27,73.25067070322606,True,Social protection policy,Infrastructure investment,0.8380528497352684,True,0.0829583621590388,0.13828638965390783,0.13085100526624016,0.021216872636487805,2.95459277178476
Planner weights,28,73.16712621680169,True,Social protection policy,Social protection policy,0.8545938877296215,True,0.0871564827174406,0.1770471789467284,0.1019904440746584,0.026010066489655342,2.61128536298421
Planner weights,29,90.2091146711379,True,Social protection policy,Social protection policy,0.8074259907810023,True,0.05795102836026321,0.1373087184458509,0.054876548340015985,0.010643332475054335,3.882789657076378
Planner weights,30,84.14787818985187,True,Social protection policy,Social protection policy,0.8024011674438235,True,0.08295056012602002,0.19648264872578725,0.08237342223560085,0.011470889479682,3.796529388018908
Planner weights,31,72.48708450366111,True,Social protection policy,Social protection policy,0.8651568665250671,True,0.07960289860243441,0.19059880061090462,0.059726980410485186,0.028284364087130635,2.4597908485442606
Planner weights,32,96.35606186053768,True,Social protection policy,Infrastructure investment,0.8143140865728096,True,0.049305254533927326,0.1041991002054683,0.056562284061468016,0.01180700660180932,3.762369328485239
Planner weights,33,85.16107401562559,True,Infrastructure investment,Infrastructure investment,0.8466688041839892,True,0.05280299970901047,0.07301002192310269,0.09036720884511906,0.0214332682133149,2.9383299825217306
Planner weights,34,93.6942427022905,True,Infrastructure investment,Infrastructure investment,0.8520042306565596,True,0.0365517676498913,0.057283147203240015,0.04912963412440119,0.021518405446978334,2.9320115784988037
Planner weights,35,82.97804085237468,True,Social protection policy,Social protection policy,0.8276060161968126,True,0.07313919771184245,0.1644270669908373,0.07464821163874169,0.01691191336186959,3.2957309741282477
Planner weights,36,85.05548680717575,True,Social protection policy,Social protection policy,0.8084545838077317,True,0.08514225637030769,0.2127414566314526,0.07254537332786537,0.01271106733675894,3.673213682508804
Planner weights,37,81.8541264066301,True,Social protection policy,Social protection policy,0.7905477970346287,True,0.0988474228281797,0.19930736218572076,0.1362948910118308,0.010363726701077366,3.912744604196718
Planner weights,38,98.75604619766709,True,Social protection policy,Infrastructure investment,0.8443889254051287,True,0.04441623272704126,0.09811477410056002,0.03800540692595744,0.01933663351812695,3.0990922297472268
Planner weights,39,73.3967991277196,True,Social protection policy,Social protection policy,0.8002644227105107,True,0.09588816447088015,0.1996628070242108,0.12364083906635082,0.01230492955751894,3.7128233808796285
Planner weights,40,80.72041485588734,True,Social protection policy,Infrastructure investment,0.8428108568589902,True,0.05821265208085895,0.12875096342988168,0.0548737917869071,0.02011952706621753,3.0380969989489555
Planner weights,41,94.02270908613464,True,Social protection policy,Infrastructure investment,0.8081982530113977,True,0.053493715320243385,0.11445181301527352,0.06209480379903454,0.010681386806543777,3.8787165972608864
Planner weights,42,89.38448233018983,True,Infrastructure investment,Infrastructure investment,0.84268199333462,True,0.05769689936108646,0.07852585697546932,0.10281784811253858,0.020595442675794717,3.0016136636414137
Planner weights,43,80.09648694034276,True,Social protection policy,Social protection policy,0.8354588269607384,True,0.0694873476669802,0.14803039282821007,0.07620445330559167,0.018970870700628972,3.127945121502581
Planner weights,44,82.52600495103187,True,Social protection policy,Infrastructure investment,0.8343584792625792,True,0.057179835278138795,0.11304260975792502,0.06916997128548719,0.017916842430073562,3.212617872801382
Planner weights,45,100.10890376417865,True,Social protection policy,Infrastructure investment,0.8072076062236648,True,0.04831231386756108,0.10343987393570042,0.0555841491480511,0.010069075452712267,3.9446769722758614
Planner weights,46,80.88715760601931,True,Social protection policy,Social protection policy,0.792083519216087,True,0.08518233776741546,0.20365645312181313,0.0852006361027472,0.009281092961393789,4.033065117888144
Planner weights,47,80.99394000240486,True,Social protection policy,Infrastructure investment,0.8652619447113834,True,0.06469637095191512,0.1259505988647801,0.07277680550554022,0.027709893961382598,2.497237370370023
Planner weights,48,83.86797292118882,True,Social protection policy,Infrastructure investment,0.8574682191671692,True,0.04699141101285764,0.07781253668818033,0.06264980641478246,0.024007595442038947,2.7508378983680535
Planner weights,49,77.68825751084267,True,Social protection policy,Social protection policy,0.8521411335146424,True,0.06209555093820339,0.13799838586700808,0.05612697001004152,0.02320907240666225,2.80793651217936
Planner weights,50,87.25609606851253,True,Social protection policy,Infrastructure investment,0.8004683077846907,True,0.0672178597512569,0.1347612121340842,0.09034276160111998,0.010158535394194923,3.935002004515007
Planner weights,51,100.53337390319005,True,Infrastructure investment,Infrastructure investment,0.8105648498733604,True,0.043508891151722705,0.05954712039647425,0.08171742890706801,0.011016569727487227,3.8434376625079487
Planner weights,52,96.57860733750599,True,Infrastructure investment,Infrastructure investment,0.8556908501257448,True,0.04586531797351804,0.05749390701832735,0.07944082335135139,0.023593882537634378,2.780285399847253
Planner weights,53,113.257306697629,True,Infrastructure investment,Infrastructure investment,0.7871156432729224,True,0.038711049516048666,0.06274624719243038,0.06699089138363168,0.005751534730108282,4.4912659121414364
Planner weights,54,93.3535111405947,True,Social protection policy,Infrastructure investment,0.8595643036216557,True,0.046523772262914424,0.1005914142483828,0.03802516287386459,0.024216625797953098,2.735984895527492
Planner weights,55,113.7539237831151,True,Social protection policy,Infrastructure investment,0.7997106167267889,True,0.03281509220116769,0.07824407048396742,0.029446290190904167,0.007162462029215319,4.293078725660196
Planner weights,56,91.28401028908044,True,Social protection policy,Infrastructure investment,0.867160784474451,True,0.04252590840091784,0.07630030307556857,0.04606231543663952,0.026478060891004365,2.5794150178779334
Planner weights,57,106.93746424346166,True,Social protection policy,Infrastructure investment,0.7906977259014327,True,0.038217967936507,0.082362396768218,0.04531556627904809,0.006084924730508423,4.442149660836075
Planner weights,58,84.91820169705733,True,Social protection policy,Infrastructure investment,0.8272625659055449,True,0.05173268540077055,0.1160642471557366,0.04964178043889578,0.01535837130806457,3.429101014594895
Planner weights,59,75.80335772606881,True,Social protection policy,Social protection policy,0.796221177004623,True,0.08972437038392363,0.1837723588172121,0.11930231643898326,0.010960621087537314,3.849325763849057
Planner weights,60,85.69221786224595,True,Social protection policy,Infrastructure investment,0.8180517736030138,True,0.059358293790891824,0.10806709781159451,0.08582479947542798,0.013862130981098883,3.564069183814878
Planner weights,61,81.28718435535635,True,Social protection policy,Social protection policy,0.8067391358769233,True,0.08012384934737918,0.19516636317661062,0.07314689381063433,0.01212021572858217,3.7311340805429207
Planner weights,62,88.57533305099766,True,Social protection policy,Social protection policy,0.7927888652315531,True,0.06901657699900271,0.17446937075717206,0.05885739938335366,0.008231249355983766,4.157322854915568
Planner weights,63,84.7956646894462,True,Social protection policy,Social protection policy,0.8324160478344745,True,0.06866990766877844,0.1558907324900275,0.06663427070720496,0.01781967364349206,3.2205490656975684
Planner weights,64,81.2479490260788,True,Social protection policy,Social protection policy,0.8646606357313055,True,0.06870253754490385,0.14781171320345454,0.06500167669123069,0.027645491512478235,2.5018158905951706
Planner weights,65,92.00801602226132,True,Infrastructure investment,Infrastructure investment,0.8155351859716188,True,0.04620651878677773,0.06745794569541641,0.08181421026896796,0.012450659789337667,3.6985110073194334
Planner weights,66,96.22032906759677,True,Social protection policy,Infrastructure investment,0.8189403878401138,True,0.05063274011016809,0.0872493421896069,0.07657642849799062,0.013388819697990807,3.608354766146257
Planner weights,67,94.8791665104456,True,Social protection policy,Social protection policy,0.774487769424977,True,0.08215288736375566,0.16788494950521138,0.11361949352954248,0.006030662738390952,4.450011556779673
Planner weights,68,86.59665611094849,True,Social protection policy,Infrastructure investment,0.8529810788926432,True,0.06355705708359279,0.10292967837065214,0.09556776809780532,0.023952253324117254,2.754752888549396
Planner weights,69,69.93849133502182,True,Social protection policy,Social protection policy,0.8630486940408251,True,0.08412397246025145,0.18885243982472788,0.07749026435985962,0.028091199426292568,2.472403052773772
Planner weights,70,84.2778739598987,True,Social protection policy,Social protection policy,0.7929915128489404,True,0.07632121626340124,0.18536631593784553,0.07287369272151767,0.008884248262541111,4.0789877205375245
Planner weights,71,78.37454905706059,True,Social protection policy,Infrastructure investment,0.8545947139614348,True,0.08048834699184315,0.14642517997432958,0.10959875608129743,0.02568527841582404,2.6335693854729065
Planner weights,72,106.63620210133328,True,Social protection policy,Infrastructure investment,0.8172983007318531,True,0.02820037691275254,0.06292398593655302,0.025056435048536607,0.010720898209544263,3.8745369424703195
Planner weights,73,94.78491533830922,True,Social protection policy,Infrastructure investment,0.8546474504447238,True,0.036623050231499456,0.06354970842017849,0.04247806231853857,0.02215290507153103,2.8849223364442165
Planner weights,74,92.45074955622565,True,Social protection policy,Infrastructure investment,0.8363342416374514,True,0.04948629720754357,0.09663120255324975,0.05873960791042954,0.017831229762723236,3.219581049767895
Planner weights,75,85.73637268108209,True,Social protection policy,Infrastructure investment,0.8676712119318145,True,0.04596654774241222,0.07792884701216074,0.05587169046501117,0.027082379621270865,2.539404758844828
Planner weights,76,101.38446312952651,True,Social protection policy,Infrastructure investment,0.8550697358513948,True,0.031573010750285825,0.06351094104672916,0.025516768602298456,0.02147782797697277,2.934963884039054
Planner weights,77,94.01857327991466,True,Social protection policy,Infrastructure investment,0.866350363558625,True,0.04071720768315464,0.07521420460041861,0.04110510985430049,0.02619091243632215,2.5989153434441135
Planner weights,78,81.01468918873115,True,Social protection policy,Social protection policy,0.8643510601533505,True,0.06164759915188493,0.13974791444519352,0.049251483309689315,0.02676719927671442,2.5599511536962396
Planner weights,79,93.90694673012035,True,Social protection policy,Infrastructure investment,0.8282319847306829,True,0.03696497882962348,0.07004792368115498,0.04462814116624103,0.014701361056286166,3.487512384252529
Planner weights,80,108.47651563961219,True,Social protection policy,Infrastructure investment,0.7957435927554453,True,0.03330836006998305,0.07845973276043783,0.031617048370524814,0.006502479113978027,4.3827546581251635
Planner weights,81,82.89704206958413,True,Social protection policy,Social protection policy,0.8358557632247571,True,0.07859722673189325,0.1819449408896257,0.0734984961314955,0.01964685654050513,3.0747408472964315
Planner weights,82,74.58292738411085,True,Social protection policy,Infrastructure investment,0.8573338107010092,True,0.0745032859117755,0.1491102068574478,0.08571624632849528,0.02593504750527119,2.616416582680884
Planner weights,83,79.87405016624996,True,Social protection policy,Infrastructure investment,0.8584034361158321,True,0.05280079852168128,0.09296319374079698,0.06711862800614166,0.024720973078945843,2.700522563063387
Planner weights,84,82.82758790238144,True,Social protection policy,Infrastructure investment,0.8570627836781392,True,0.06134087042889959,0.12742204252312594,0.06264654404093284,0.024624459937089782,2.7072882164751055
Planner weights,85,104.36711522797137,True,Infrastructure investment,Infrastructure investment,0.8235629373173686,True,0.040275489672464145,0.06527961577280794,0.06191770095768678,0.013766897123129798,3.573037255495113
Planner weights,86,75.25077739117256,True,Social protection policy,Social protection policy,0.8657988121992211,True,0.06908549855137332,0.1499391503562727,0.06399737111278614,0.027862723460747786,2.4878320057615615
Planner weights,87,79.43749088498599,True,Social protection policy,Social protection policy,0.8141611784880728,True,0.08947114737557404,0.18863754690355666,0.10951139252791786,0.015000076383034605,3.4607803253769402
Planner weights,88,101.47844660182564,True,Social protection policy,Infrastructure investment,0.7930651910020153,True,0.04245843452718306,0.09517800282611,0.04676633832517152,0.006660179693859167,4.360870440729987
Planner weights,89,91.63486090528069,True,Social protection policy,Infrastructure investment,0.7946105040895038,True,0.05752782606582864,0.12392002431107585,0.06934148822599118,0.008085878693333215,4.175111494825955
Planner weights,90,110.68340341458943,True,Social protection policy,Infrastructure investment,0.7922935455890131,True,0.03513634654877012,0.07493557007030294,0.04172560965117722,0.006316033199215254,4.408983078450247
Planner weights,91,93.44437646011717,True,Social protection policy,Infrastructure investment,0.8620588701885921,True,0.03789274548197373,0.06855462002125257,0.03966639198989741,0.02440359717575808,2.722837547137419
Planner weights,92,103.27434492128404,True,Social protection policy,Infrastructure investment,0.8249082308507584,True,0.037812950119544365,0.0797415626921062,0.0390598991629405,0.013543863563358571,3.593819258917939
Planner weights,93,87.95983674427328,True,Social protection policy,Infrastructure investment,0.8082550044913349,True,0.06625478038566088,0.13719574407721802,0.0829243817926969,0.011771605479898153,3.7659914013805174
Planner weights,94,76.59080389145379,True,Social protection policy,Social protection policy,0.842555874086988,True,0.07593988683797516,0.17021685129970598,0.07409963481563064,0.02147311781757645,2.935367358801143
Planner weights,95,101.94768167506074,True,Social protection policy,Infrastructure investment,0.8647556248170939,True,0.03453767369005143,0.0629676474793962,0.03287316485083713,0.025041045584946665,2.6781646186549612
Planner weights,96,82.94444989556698,True,Social protection policy,Social protection policy,0.8000592007744838,True,0.08674916565447212,0.19739586605540105,0.09489515956784556,0.011331054167405819,3.8108670498092163
Planner weights,97,81.02266352060731,True,Social protection policy,Social protection policy,0.8137543921291335,True,0.06509594342420318,0.1544314575249851,0.06049898209779758,0.012905362361928394,3.6543762059428153
Planner weights,98,95.39593438399937,True,Social protection policy,Social protection policy,0.7752235334471299,True,0.08314578368135295,0.1961804364604316,0.08889506783325607,0.00593473859104765,4.464053344377334
Planner weights,99,115.49468622104031,True,Social protection policy,Infrastructure investment,0.8184729848509722,True,0.028941091566357418,0.0591421625534595,0.030904276161300648,0.011247381767490822,3.8195252671932938
Planner weights,100,80.41211566148223,True,Social protection policy,Social protection policy,0.7831363194360956,True,0.09403920381612314,0.18580390733985058,0.13478617092589096,0.008547135090689412,4.119253902536914
Policy costs,1,100.91306039342994,True,Social protection policy,Social protection policy,0.8370025572441668,True,0.06631128832664414,0.14464848023860322,0.06830833531208613,0.019132693592565142,3.1150846760120556
Policy costs,2,94.71684114800118,True,Social protection policy,Infrastructure investment,0.8227206998338465,True,0.04555014139678458,0.1052779157081648,0.040687698608314005,0.013459880572267213,3.60161364058636
Policy costs,3,104.06973689640628,True,Social protection policy,Infrastructure investment,0.8371890640814759,True,0.07513285832625835,0.14448241340861223,0.09830423641379471,0.02017835431949728,3.0335665132365857
Policy costs,4,94.41051542847576,True,Infrastructure investment,Infrastructure investment,0.8130471583688849,True,0.03686740924415155,0.06154707184372932,0.05650114333675271,0.010987717174048381,3.8464613110212054
Policy costs,5,96.63182507931876,True,Social protection policy,Infrastructure investment,0.7642487117538964,True,0.055385997922784695,0.13044066205553084,0.06048639692475244,0.002923933749463134,5.000796898133684
Policy costs,6,87.149282636735,True,Social protection policy,Infrastructure investment,0.8529341636674644,True,0.02424869479046565,0.05207128899675906,0.013012109705264563,0.01978703306460615,3.0638472554735703
Policy costs,7,88.31518207054329,True,Social protection policy,Infrastructure investment,0.8476044987016119,True,0.023724447193244312,0.04200564916940286,0.022330133621978776,0.018699782384973454,3.1494190689115364
Policy costs,8,95.98047543914169,True,Social protection policy,Infrastructure investment,0.7922742250413203,True,0.05171192711583398,0.12378719587597786,0.05014596641469771,0.007058582614743361,4.306762793528807
Policy costs,9,86.51737031009046,True,Social protection policy,Infrastructure investment,0.7828381778735746,True,0.025371106458743187,0.06673093875836045,0.01850404649087667,0.003563887356364037,4.86597003946645
Policy costs,10,85.78104372150884,True,Infrastructure investment,Infrastructure investment,0.7990747685682454,True,0.01782450136647382,0.034596044623072086,0.02152852674003647,0.006261183419549815,4.416734189801495
Policy costs,11,96.72169287565993,True,Social protection policy,Infrastructure investment,0.8422719516724305,True,0.050462882188995625,0.10998468092678815,0.04732746838240831,0.019307938352288216,3.1012599787769575
Policy costs,12,88.6780098893847,True,Infrastructure investment,Infrastructure investment,0.7859737325038322,True,0.024014665936671804,0.04896281599416352,0.03056918948170184,0.004519325302485944,4.689122322007367
Policy costs,13,88.90902864322503,True,Social protection policy,Infrastructure investment,0.8458177902073093,True,0.02923230591874785,0.06560162910331413,0.01861161387509025,0.018099827737213095,3.1977514841022017
Policy costs,14,88.4257281180977,True,Social protection policy,Infrastructure investment,0.8437193382628245,True,0.02658494131192713,0.05658547120260382,0.019044819575675276,0.017417003813465864,3.253646499630816
Policy costs,15,90.35032244732761,True,Infrastructure investment,Infrastructure investment,0.8283807052831561,True,0.026491040892493524,0.04808631638727989,0.03079536876564304,0.013836957970804406,3.5664449238442213
Policy costs,16,98.53643343923726,True,Social protection policy,Social protection policy,0.7916498815255132,True,0.06651239355932051,0.16761886091697847,0.05742056754681746,0.007753948993825838,4.216650390976021
Policy costs,17,100.38884446924654,True,Social protection policy,Infrastructure investment,0.8360337313816448,True,0.058620906146206866,0.10738565250545651,0.07921259903138878,0.018574919974878763,3.1594478898634706
Policy costs,18,95.96172032617466,True,Social protection policy,Social protection policy,0.8080438046333326,True,0.05795115457359,0.1500739689489412,0.042265424948293995,0.010489647110329792,3.8991925084136074
Policy costs,19,90.99164593588276,True,Infrastructure investment,Infrastructure investment,0.827263582235456,True,0.02840304053252546,0.053018817553179276,0.03271805085805557,0.013673773452604267,3.5816205086480153
Policy costs,20,88.8749501982999,True,Social protection policy,Infrastructure investment,0.8036254011315805,True,0.02443164262147979,0.04905410995792714,0.02875552566515427,0.007701113552097863,4.223320874964587
Policy costs,21,87.7684233588993,True,Social protection policy,Infrastructure investment,0.7860973775188521,True,0.027550563175286445,0.06948420518501519,0.022681586816450605,0.004261179112036759,4.734464397170116
Policy costs,22,95.93878362621751,True,Infrastructure investment,Infrastructure investment,0.7639622796390303,True,0.0461425103102883,0.08245861897711115,0.0763032440580329,0.002736923050864981,5.043551572396019
Policy costs,23,100.17265013078486,True,Social protection policy,Infrastructure investment,0.8092178576698004,True,0.061718289367673304,0.1294626388330936,0.07486314983647946,0.0116882241172835,3.7744085599817163
Policy costs,24,89.49119284400717,True,Social protection policy,Infrastructure investment,0.847559937374889,True,0.032288516893316146,0.07628197815431215,0.018019940535131118,0.01870789043716324,3.148995832673733
Policy costs,25,90.82479812114703,True,Social protection policy,Infrastructure investment,0.8299793010753364,True,0.03842673353792377,0.09832467426579306,0.02203892128114837,0.014129971835791802,3.539448015750236
Policy costs,26,92.30815785159228,True,Infrastructure investment,Infrastructure investment,0.7945117085861857,True,0.03161405441609759,0.055220778131267356,0.04880084928736417,0.0066275630377100325,4.365322972027717
Policy costs,27,85.17674438753193,True,Social protection policy,Infrastructure investment,0.7812999403651223,True,0.01953033543967364,0.04670959479749026,0.018411899108197627,0.003234680133169854,4.9332850801762484
Policy costs,28,96.91149582338278,True,Social protection policy,Social protection policy,0.7841420325779326,True,0.05744098287993639,0.1409726411769291,0.054194887437545525,0.005875911465302766,4.472557428915429
Policy costs,29,89.10554591914823,True,Infrastructure investment,Infrastructure investment,0.820929856199396,True,0.023850405252775705,0.043298398484460154,0.028503662796452667,0.011674357103802144,3.775788131724555
Policy costs,30,93.9290519758486,True,Social protection policy,Infrastructure investment,0.8369099225318639,True,0.038275208458511976,0.07693247005931358,0.040059430377651695,0.016971329167826642,3.2907123560048674
Policy costs,31,93.81442674418292,True,Social protection policy,Social protection policy,0.7678865688986484,True,0.057535910980105374,0.16041815037838492,0.037945811614455205,0.0030117264375287,4.981975345525673
Policy costs,32,95.22205841594155,True,Social protection policy,Infrastructure investment,0.8472183922066016,True,0.04298128433020413,0.08709142832839811,0.04305231981542712,0.020290747011889224,3.0249100137863065
Policy costs,33,86.32354833174777,True,Social protection policy,Infrastructure investment,0.81068981586956,True,0.02129158014118639,0.04888225596276674,0.017124406027349992,0.008513868504035627,4.122886993931617
Policy costs,34,91.56443266705767,True,Infrastructure investment,Infrastructure investment,0.7772266887681298,True,0.03075298399557016,0.05496827944641891,0.04896553013961413,0.0037016343984625083,4.837527338988195
Policy costs,35,98.1831328718239,True,Social protection policy,Social protection policy,0.7984640470591602,True,0.06561389887244447,0.16627205317312488,0.054335330003092874,0.00904126287733785,4.060747017087338
Policy costs,36,88.70258457972561,True,Social protection policy,Infrastructure investment,0.8246289212366079,True,0.027530539502191493,0.06232813693015238,0.021726127858882283,0.01230262346863556,3.7130555677719395
Policy costs,37,98.7742263194271,True,Infrastructure investment,Infrastructure investment,0.844844596157661,True,0.050703905270301726,0.0811497901705518,0.07571007221602932,0.02060380605947492,3.0009727858368502
Policy costs,38,99.72862165745018,True,Social protection policy,Infrastructure investment,0.82372519917514,True,0.055997471887748854,0.10108313856995677,0.07984600973126099,0.01506200330590323,3.455313165565919
Policy costs,39,92.94132873327186,True,Social protection policy,Social protection policy,0.7918811783292219,True,0.04677422144029862,0.12232215757208231,0.035065522221393475,0.0063220952475693815,4.408096096974833
Policy costs,40,100.60782094976841,True,Social protection policy,Social protection policy,0.8369780793600504,True,0.06681904492273373,0.15038520746806017,0.06440569525691187,0.019075754504596032,3.11959084193096
Policy costs,41,91.18611429779227,True,Social protection policy,Infrastructure investment,0.7989538167345134,True,0.036682429927756555,0.08990226756796516,0.03129198629402741,0.007194250885155379,4.288865089112838
Policy costs,42,92.78288881880074,True,Social protection policy,Infrastructure investment,0.80261732994714,True,0.037893304130275675,0.08634775722493993,0.037982810222137564,0.008295997008887362,4.1493433630443395
Policy costs,43,95.61589600771723,True,Infrastructure investment,Infrastructure investment,0.797461851882772,True,0.04248047578448601,0.0789202898541187,0.06187888206359371,0.007882493327988613,4.200294494525192
Policy costs,44,100.07313502488294,True,Social protection policy,Infrastructure investment,0.7848717971866187,True,0.06355824922304854,0.13675823867802261,0.07901828433341451,0.006677349269232746,4.358439972561558
Policy costs,45,91.56343000459547,True,Social protection policy,Infrastructure investment,0.8230635241323262,True,0.03402200256482423,0.07473657691596136,0.03165299132870769,0.012687440732215748,3.675304212659611
Policy costs,46,91.67163698795471,True,Infrastructure investment,Infrastructure investment,0.8261749073901018,True,0.028207398456249193,0.041598911064065436,0.04349220236626872,0.013634781166538018,3.585266635812841
Policy costs,47,91.31822350765111,True,Infrastructure investment,Infrastructure investment,0.8520277230788389,True,0.029120773537035537,0.04978588361731495,0.03134078124647377,0.020796042515835653,2.9863792869856858
Policy costs,48,91.59892867393641,True,Infrastructure investment,Infrastructure investment,0.844996210884799,True,0.027970409049245647,0.03859020289587167,0.0404568471060085,0.0188493816704796,3.137529544837906
Policy costs,49,91.66747639532181,True,Social protection policy,Infrastructure investment,0.7795836349069203,True,0.032880735620368466,0.0689603614150055,0.042105243847914586,0.004016969408369556,4.777720890350959
Policy costs,50,102.39870619835476,True,Social protection policy,Infrastructure investment,0.7681265297733658,True,0.07397454135354495,0.15254810851903178,0.10177955579931752,0.004583230419058004,4.677813744096634
Policy costs,51,90.92668353751684,True,Social protection policy,Infrastructure investment,0.8261878820637882,True,0.03357053965476615,0.07582376525497836,0.028383787762635948,0.013289335774067199,3.617765499303776
Policy costs,52,98.83872932010779,True,Social protection policy,Infrastructure investment,0.8114406894312872,True,0.05342367274344823,0.09916857766054898,0.07604811613412898,0.011766160807390832,3.7665389704745884
Policy costs,53,83.42377067943178,True,Social protection policy,Infrastructure investment,0.8197151652568128,True,0.014842883511050687,0.034399480745955,0.007616786661389097,0.009933824881333306,3.959607330159237
Policy costs,54,85.4927310143203,True,Social protection policy,Infrastructure investment,0.8159636472656925,True,0.019294417816033544,0.04376855662996959,0.014251358254682489,0.00951054747146532,4.0069238421027915
Policy costs,55,98.97342099566522,True,Social protection policy,Social protection policy,0.7997538247820609,True,0.06353722998255883,0.15188315421179055,0.06111134053863476,0.009385810188530588,4.0209870494076
Policy costs,56,88.91090483926165,True,Social protection policy,Infrastructure investment,0.7766540633575869,True,0.028676312778825326,0.06720316146186955,0.029965303629995943,0.003198629634023148,4.940985870322592
Policy costs,57,95.32016599601269,True,Social protection policy,Social protection policy,0.8170487467985089,True,0.05936335285791334,0.16027088198756434,0.035144771493303084,0.012356081521829251,3.707824291229484
Policy costs,58,88.13143216972514,True,Social protection policy,Infrastructure investment,0.834514738157998,True,0.023356100660356156,0.04414221258103701,0.02270528676041028,0.014898852969799259,3.4698062227269513
Policy costs,59,91.47967230933085,True,Social protection policy,Infrastructure investment,0.8478547551765827,True,0.031874149243960946,0.061731880392178695,0.03030488308799817,0.019522758873686458,3.0844344144068256
Policy costs,60,98.07513224425641,True,Social protection policy,Infrastructure investment,0.8237952986744899,True,0.05356797508055918,0.11344061351863954,0.059431544229299416,0.014615755034018199,3.4952235344193667
Policy costs,61,96.78045122230465,True,Social protection policy,Infrastructure investment,0.8478421902121257,True,0.04669601834277708,0.09003515201225776,0.05251039835203142,0.020890513835430613,2.979185299845468
Policy costs,62,91.92429713626163,True,Social protection policy,Infrastructure investment,0.7796146502220035,True,0.03408982947849585,0.07300828194586073,0.042243254072146685,0.004062867156728045,4.7693829937770085
Policy costs,63,94.72860428915635,True,Social protection policy,Infrastructure investment,0.7997582750056573,True,0.04004822848747523,0.07772518481372914,0.054312868402805914,0.008130746489628235,4.169594461570725
Policy costs,64,90.81906786621826,True,Social protection policy,Infrastructure investment,0.8525569087093217,True,0.0334146885109208,0.07104137653590614,0.02522359847042599,0.020686434781890674,2.994697789144348
Policy costs,65,97.09662983523084,True,Infrastructure investment,Infrastructure investment,0.8435998876296427,True,0.044882341602556095,0.07202302437917762,0.06530851666653037,0.019756654563238316,3.0661883031138015
Policy costs,66,94.06888696886158,True,Social protection policy,Social protection policy,0.7800142674543955,True,0.05411745895780429,0.14574212449739798,0.03899386747492861,0.00467511437998841,4.662622163946701
Policy costs,67,102.7553284952912,True,Social protection policy,Infrastructure investment,0.7667330382029298,True,0.07601463438621561,0.1581229120755232,0.10344869973841941,0.004479608537812013,4.695564747445287
Policy costs,68,91.90571573351173,True,Social protection policy,Infrastructure investment,0.800589221428814,True,0.03807293134612006,0.09183213646745403,0.033727427011399747,0.00769569623256644,4.2240287698770125
Policy costs,69,87.60837270853392,True,Social protection policy,Infrastructure investment,0.8193932949132781,True,0.022022021201415342,0.043150441276465945,0.02302218814081869,0.010904444787669068,3.85522772163993
Policy costs,70,90.33463911011178,True,Social protection policy,Infrastructure investment,0.8372473780600806,True,0.03241843484520941,0.07263484168904755,0.024761250746519914,0.016068429522665476,3.3673395056895346
Policy costs,71,100.61141936417198,True,Social protection policy,Infrastructure investment,0.8075248089013426,True,0.06092690699536594,0.11534272271324442,0.08650367377106949,0.011397777999466868,3.8040174133235047
Policy costs,72,93.56480324695261,True,Social protection policy,Social protection policy,0.7980181711299946,True,0.051997748906833854,0.14077803062898397,0.033575443643913405,0.007638646901021104,4.231224921275964
Policy costs,73,93.89541797450178,True,Social protection policy,Social protection policy,0.7752529110039305,True,0.05132425886183693,0.13495589298569666,0.04074163844301815,0.003937374587714454,4.793899679465271
Policy costs,74,94.55566903127271,True,Social protection policy,Social protection policy,0.8485303300462324,True,0.05014296704319022,0.12149868908887163,0.03342838247639379,0.02057331308590036,3.0033102148844675
Policy costs,75,98.81090367453058,True,Social protection policy,Social protection policy,0.7854987457847429,True,0.06586443501844473,0.162572086369549,0.06132649240411492,0.006626943790892625,4.365242129699868
Policy costs,76,94.92610749370004,True,Social protection policy,Social protection policy,0.8138215772722435,True,0.05748648726662474,0.15505451375241808,0.03469324651283989,0.011454945167928596,3.7981444584238826
Policy costs,77,95.13831106923746,True,Infrastructure investment,Infrastructure investment,0.802865348851952,True,0.04021236652071385,0.07218840025814421,0.059673361675623204,0.008881520888731079,4.079293540743028
Policy costs,78,95.64240702516523,True,Social protection policy,Infrastructure investment,0.7775926291131602,True,0.047792215919593255,0.10613183805351567,0.05668285552184815,0.0044580621432125656,4.699675833271846
Policy costs,79,95.92123659652354,True,Social protection policy,Infrastructure investment,0.847872130705402,True,0.051239685465224234,0.11766096432444195,0.0408738832310418,0.02080405157280106,2.9857387234956176
Policy costs,80,91.2602432837008,True,Social protection policy,Infrastructure investment,0.7975099893142641,True,0.03326761417555806,0.07562826601783645,0.033854851737440295,0.006953531859176465,4.3209918523751005
Policy costs,81,96.02558437409998,True,Social protection policy,Social protection policy,0.8148403128805627,True,0.06055594920607989,0.1602110323120835,0.03964568824694448,0.012089101662251647,3.7341946622910966
Policy costs,82,94.7650740743156,True,Social protection policy,Infrastructure investment,0.8013425054596923,True,0.04522622918770477,0.10468851491576481,0.045093616132489744,0.008509671108712133,4.12340582920904
Policy costs,83,91.5542724123805,True,Social protection policy,Infrastructure investment,0.8298060066605909,True,0.03950496192650827,0.09776799371314548,0.02615550667330535,0.01434386635632813,3.51991622673379
Policy costs,84,95.01312642520028,True,Social protection policy,Social protection policy,0.8031010507964041,True,0.05882400457830661,0.16047941542497524,0.03628742174615851,0.009117178852939403,4.051866689001313
Policy costs,85,100.3155048041435,True,Social protection policy,Infrastructure investment,0.8382526382542622,True,0.06224058934824312,0.13096135994891667,0.0676415309477012,0.01923917182223306,3.106692336893959
Policy costs,86,96.89130697579297,True,Infrastructure investment,Infrastructure investment,0.8390088487657574,True,0.04370114614424595,0.06515867964931077,0.06938051154244651,0.01841482031310354,3.1723365972020816
Policy costs,87,91.26318400401925,True,Social protection policy,Infrastructure investment,0.8155081149334902,True,0.029972487450195935,0.05995593043429348,0.03414738037305609,0.010800395268336205,3.8661282214305093
Policy costs,88,95.77893933862404,True,Social protection policy,Infrastructure investment,0.8080696115381124,True,0.048524276021692514,0.11158306352100789,0.048030970325078304,0.01022093222983761,3.928197863006625
Policy costs,89,94.3979365262779,True,Social protection policy,Social protection policy,0.8124946078171833,True,0.04931013111751487,0.12368129566215214,0.03794111419849211,0.010963049050657828,3.8490468279844166
Policy costs,90,89.22098746429609,True,Infrastructure investment,Infrastructure investment,0.8101740542672787,True,0.02243744733006849,0.03419702454544249,0.0350555904355937,0.00927845067420352,4.033297105460555
Policy costs,91,98.4308656027788,True,Social protection policy,Infrastructure investment,0.8106064172524966,True,0.05445279052325014,0.11321835714683359,0.06589238704971834,0.011474022634823541,3.796193389154267
Policy costs,92,90.49132595294573,True,Infrastructure investment,Infrastructure investment,0.8402641921738141,True,0.027306151082125203,0.0485243380442999,0.029925332521535286,0.017121858221603024,3.2781831483855597
Policy costs,93,98.46512916498273,True,Social protection policy,Infrastructure investment,0.8141617633971778,True,0.0558228207834157,0.120562906592102,0.06246904739863157,0.012347918751221376,3.7085963658007453
Policy costs,94,86.78934434752256,True,Social protection policy,Infrastructure investment,0.7840041987318255,True,0.022227466675269338,0.050198407701650294,0.023725554019647377,0.0038721716421450114,4.8059464481330565
Policy costs,95,92.91406265146347,True,Infrastructure investment,Infrastructure investment,0.837985243796302,True,0.031339248309545126,0.04362844168499147,0.04892221910507333,0.017136708293343142,3.276901671629078
Policy costs,96,86.56301935513397,True,Infrastructure investment,Infrastructure investment,0.7781198790724487,True,0.019032737518310975,0.03594881899659885,0.027517518849391243,0.003148243468098319,4.951046708556223
Policy costs,97,92.69046419142121,True,Social protection policy,Infrastructure investment,0.818131771736177,True,0.033382765031974196,0.06461253269858391,0.04047748819217667,0.011749656721149096,3.7681929763802717
Policy costs,98,95.1083257155375,True,Social protection policy,Social protection policy,0.7849570103184673,True,0.05336976237313978,0.1357825582698008,0.04535713552227749,0.005654474513910934,4.50612985031953
Policy costs,99,90.35332052125352,True,Social protection policy,Infrastructure investment,0.8229073334162453,True,0.033816076406664744,0.08093375541555115,0.025160478722226487,0.012262033285548979,3.7170516152831126
Policy costs,100,88.97865660592386,True,Social protection policy,Infrastructure investment,0.8369149717157418,True,0.024853698117412424,0.045673154675167305,0.025523999863376612,0.015790788872399562,3.3913030378961984
Initial conditions,1,122.05327256732585,True,Infrastructure investment,Infrastructure investment,0.8112455236487549,True,0.05596442670292713,0.12486055245583627,0.057366117203582756,0.013648823800825938,4.13626717005721
Initial conditions,2,110.83717417095038,True,Social protection policy,Infrastructure investment,0.8543625963186079,True,0.055286920804743934,0.12484553276784405,0.0579941417258556,0.010664548322904109,3.238629066658239
Initial conditions,3,80.91995310579213,True,Social protection policy,Social protection policy,0.8219612224964365,True,0.038036639258500475,0.07691454836695821,0.04579538688647555,0.01041830215131788,3.1589360832468505
Initial conditions,4,113.60857140950986,True,Social protection policy,Infrastructure investment,0.8380851136739192,True,0.051891594533982656,0.11448826820314872,0.05526772118301482,0.01186459148277575,3.6009329673281654
Initial conditions,5,106.69374690250925,True,Social protection policy,Infrastructure investment,0.836911911045181,True,0.05139086206461189,0.11301535864616785,0.055035967983206424,0.011816690596767307,3.6038904275041137
Initial conditions,6,100.12376503071813,True,Social protection policy,Social protection policy,0.834448150968439,True,0.045112292736822525,0.09657268832460553,0.0500325661165264,0.011287770137746886,3.4205501768759023
Initial conditions,7,107.48701554901241,True,Social protection policy,Infrastructure investment,0.8199962542075726,True,0.05082095115672921,0.10971713638217584,0.05554321305996912,0.012612979606407282,3.837624666692947
Initial conditions,8,92.47832720392162,True,Social protection policy,Social protection policy,0.7776689613016912,True,0.040116796227950606,0.0826055388254398,0.044187565409537055,0.013615682562850256,4.149592632585232
Initial conditions,9,113.85679455275414,True,Social protection policy,Social protection policy,0.7813337884588069,True,0.04571946794941157,0.09564949302722803,0.049146527861735345,0.015222116933977126,4.626625192674501
Initial conditions,10,79.55684380327615,True,Social protection policy,Infrastructure investment,0.8252811942428736,True,0.0444339178984569,0.09686695007826229,0.04774155048743467,0.010910212078902193,3.289875157950615
Initial conditions,11,75.17414187270151,True,Social protection policy,Infrastructure investment,0.7581560843776938,True,0.0348900785626196,0.07047476796685875,0.03874941447988128,0.01289109252242858,3.922387921726816
Initial conditions,12,94.86010756883543,True,Social protection policy,Social protection policy,0.7969759073869318,True,0.03995968758627648,0.08213241380892772,0.04454840054030318,0.013178092202736774,3.988491191716155
Initial conditions,13,85.41132521850938,True,Social protection policy,Social protection policy,0.7857251404175265,True,0.03784685613232754,0.07690623873321267,0.04263710614992633,0.012920651580007408,3.913170404989266
Initial conditions,14,88.0574052995027,True,Social protection policy,Infrastructure investment,0.8231702486826667,True,0.046356613255964206,0.10245829808255102,0.04885065073947148,0.010939197573852234,3.3140231253614854
Initial conditions,15,91.2531098048454,True,Social protection policy,Social protection policy,0.7668478896335155,True,0.04116542053137625,0.083153381520369,0.04649101301689729,0.014434577322550601,4.390529018094541
Initial conditions,16,90.11114961093305,True,Social protection policy,Social protection policy,0.8390792479964428,True,0.04217777788062895,0.08752398788569105,0.05003804402044709,0.010060190676063209,3.0595745139789474
Initial conditions,17,74.53894373013907,True,Social protection policy,Social protection policy,0.8134321831774571,True,0.03613063638830873,0.07588250454455542,0.03957799404323559,0.010996728771289578,3.31715098713192
Initial conditions,18,77.13621552944704,True,Social protection policy,Infrastructure investment,0.8528359914638526,True,0.04205453372883454,0.09250076058189027,0.04587035337079148,0.008819754098239117,2.675821491632697
Initial conditions,19,112.06057173097042,True,Social protection policy,Infrastructure investment,0.8473487836350613,True,0.05390537397584635,0.12437780502660734,0.052726277902212626,0.011564725986642252,3.508917962783354
Initial conditions,20,95.81307861592559,True,Social protection policy,Infrastructure investment,0.8388840781146844,True,0.04582286892087822,0.10095041593086718,0.04862328691977713,0.010806338372429461,3.261005554680773
Initial conditions,21,102.09971763101636,True,Infrastructure investment,Infrastructure investment,0.8266226994594079,True,0.05372661058348839,0.12195880160301964,0.05390306346976037,0.01218127196942935,3.6844541977149756
Initial conditions,22,88.02472387621657,True,Social protection policy,Infrastructure investment,0.8517638644586133,True,0.048784439669685646,0.10722513491640617,0.053957854642094794,0.009562549285398798,2.890777374326566
Initial conditions,23,111.03981779075922,True,Social protection policy,Social protection policy,0.8132008724501202,True,0.04559276503813483,0.09687879059904148,0.049698131205267226,0.01299775582916321,3.963698041530631
Initial conditions,24,98.85417077659756,True,Social protection policy,Infrastructure investment,0.8039553200762884,True,0.04663505935326582,0.10243874205754278,0.04728445438765183,0.01349951129123575,4.100331050402316
Initial conditions,25,103.46524982051062,True,Social protection policy,Social protection policy,0.8075255243835219,True,0.04118147026006967,0.08425874449831022,0.0468341702082844,0.013042231203649224,3.9551263635770435
Initial conditions,26,86.40003662011868,True,Social protection policy,Social protection policy,0.7643779175414991,True,0.035233864784730014,0.07179554893049467,0.03702891595431779,0.014494061861742596,4.407909584690661
Initial conditions,27,82.73556299344952,True,Social protection policy,Social protection policy,0.7673786497616703,True,0.03601378913820584,0.06973501600170406,0.043334215988612645,0.012979029993403737,3.961932434213489
Initial conditions,28,110.98792575686511,True,Infrastructure investment,Infrastructure investment,0.8001382775442138,True,0.05449111215310165,0.11855646081259985,0.058288373450417263,0.013874058272838663,4.217949350485663
Initial conditions,29,75.05765121154488,True,Social protection policy,Social protection policy,0.831672383431316,True,0.03791071659150077,0.08050294641823558,0.04187586187239423,0.010308699779622885,3.1044137445421778
Initial conditions,30,118.8942185597186,True,Social protection policy,Infrastructure investment,0.812890434076305,True,0.053416800451742984,0.11974886892185588,0.053348462693098675,0.013861469966145887,4.226584692208549
Initial conditions,31,123.4754186657022,True,Infrastructure investment,Infrastructure investment,0.8110230428550287,True,0.05842091630948553,0.12877273671602785,0.06191047262581273,0.013789997741358778,4.187012217602691
Initial conditions,32,97.82010158089267,True,Social protection policy,Infrastructure investment,0.8533211675711888,True,0.049086621172950325,0.11046231410065377,0.050914370975412515,0.01042648902925987,3.1592897087344753
Initial conditions,33,119.87587227413039,True,Infrastructure investment,Infrastructure investment,0.8191223619140239,True,0.057345560023816584,0.1281157073721504,0.05938880724126172,0.013204945469945953,3.997570732946016
Initial conditions,34,101.566857153523,True,Social protection policy,Social protection policy,0.8289416496427506,True,0.04605129356487048,0.09929809547157287,0.0498556902823486,0.012025741723125219,3.6437986616362332
Initial conditions,35,117.01586852012876,True,Social protection policy,Infrastructure investment,0.7942377891817036,True,0.05165942049372233,0.11515684070010368,0.05035963172768598,0.015291499300238487,4.6427990131716905
Initial conditions,36,96.35748119595254,True,Social protection policy,Social protection policy,0.8338071448409424,True,0.04275692860332771,0.09212744405839757,0.04644934306485382,0.0110724629883956,3.365956437335845
Initial conditions,37,109.87653191421177,True,Social protection policy,Infrastructure investment,0.8147336783000239,True,0.048297223771584456,0.10656569293453433,0.04894101661470118,0.013533573651310069,4.102701871152273
Initial conditions,38,75.0346121319031,True,Social protection policy,Infrastructure investment,0.8113024272966929,True,0.042244382353138765,0.08900194099695219,0.04810663213326427,0.010746765105769211,3.2373078559825093
Initial conditions,39,105.28832634690298,True,Social protection policy,Social protection policy,0.844613626890767,True,0.04863354396200766,0.10678460733145068,0.05224153979478674,0.011191256740789413,3.389367572116586
Initial conditions,40,89.69802678702318,True,Social protection policy,Social protection policy,0.7910229951557327,True,0.03744912632720211,0.07617727201524604,0.041894214183011314,0.01300045594695004,3.932603181210325
Initial conditions,41,112.56305832856967,True,Infrastructure investment,Infrastructure investment,0.8324630995711819,True,0.05976264323686635,0.1355330771499429,0.061618199230750625,0.0120179749483387,3.656180990619363
Initial conditions,42,136.32206509840466,True,Social protection policy,Infrastructure investment,0.8229254168209169,True,0.05575906795223219,0.12492593035961319,0.055874794031861796,0.014356013441337676,4.367519212541038
Initial conditions,43,87.1475676544853,True,Social protection policy,Infrastructure investment,0.8547984081675926,True,0.049881611268562186,0.11409400110288748,0.050860622200936456,0.009631016136143727,2.909456998379395
Initial conditions,44,111.61517973114822,True,Social protection policy,Infrastructure investment,0.8415684055112751,True,0.05640150428454146,0.1273084664382117,0.05857235313984477,0.01152444541783866,3.512095865437557
Initial conditions,45,113.77376877391724,True,Social protection policy,Infrastructure investment,0.7983831088307279,True,0.05134633491495793,0.11155879403130686,0.05338373617719583,0.014769641993850072,4.482397623520729
Initial conditions,46,73.76387590907271,True,Social protection policy,Social protection policy,0.8228786157265922,True,0.037982066025258755,0.07767365391295344,0.04499729442661471,0.010266282748837487,3.0972285738898875
Initial conditions,47,128.53577916239695,True,Social protection policy,Infrastructure investment,0.8269339353632535,True,0.055754377241896136,0.12387585039900473,0.057955429093963895,0.013309040853667867,4.044372294107285
Initial conditions,48,95.67748757260388,True,Social protection policy,Infrastructure investment,0.8213553797354136,True,0.048962312998250934,0.10743285265292157,0.05180530560033858,0.01212993724061813,3.6696658942049982
Initial conditions,49,79.02716110638406,True,Social protection policy,Social protection policy,0.8334650282052986,True,0.03581271436993729,0.0723270034659384,0.04313228874966235,0.009885208079179787,2.9930227140590047
Initial conditions,50,116.4490574001639,True,Social protection policy,Infrastructure investment,0.8455786962412439,True,0.05399029139907841,0.11936565379009223,0.05835650550876503,0.011243860597917182,3.4255007670328963
Initial conditions,51,88.80090708599417,True,Social protection policy,Social protection policy,0.8305134392995678,True,0.043433003919867784,0.09115883035672467,0.04999451183517223,0.010862171527640366,3.294392356697506
Initial conditions,52,104.78712774365641,True,Social protection policy,Infrastructure investment,0.8595261368382427,True,0.05520564828234779,0.12742077984015254,0.055732337914695895,0.0100666512333688,3.0306414316774397
Initial conditions,53,94.05385135300823,True,Social protection policy,Infrastructure investment,0.8375335734483366,True,0.04520400201740309,0.09720279443106228,0.05068391788696014,0.010327294742888418,3.1440113909814986
Initial conditions,54,127.00005039826843,True,Social protection policy,Infrastructure investment,0.8491410096316733,True,0.05842197701690199,0.13275874527250942,0.060260778951466976,0.011457395335180559,3.4889373195718867
Initial conditions,55,105.41987373539622,True,Infrastructure investment,Infrastructure investment,0.8041578703858105,True,0.05270310561349073,0.11666272695040758,0.05444495874403932,0.013353183952770659,4.069845384415167
Initial conditions,56,73.71674588190083,True,Social protection policy,Infrastructure investment,0.8266182377015007,True,0.04121135196900067,0.08933452533033875,0.04464470716708613,0.010260499394077464,3.0985427800044816
Initial conditions,57,107.33879260937718,True,Social protection policy,Infrastructure investment,0.8548237738209695,True,0.05122543502633402,0.11633733625719711,0.05259685327696384,0.010354833058008092,3.1518567166114813
Initial conditions,58,85.19427087633431,True,Social protection policy,Social protection policy,0.8420318619573941,True,0.041426891848352854,0.0893645843723394,0.04553541512481385,0.010094121972081732,3.037165580026605
Initial conditions,59,87.9440530256769,True,Social protection policy,Infrastructure investment,0.8139686594503678,True,0.043775298192551604,0.09346315548821149,0.04806370466072729,0.011686683524991831,3.548689733551321
Initial conditions,60,102.48489146288088,True,Social protection policy,Social protection policy,0.7887792205691653,True,0.04543865804899475,0.09471045080132134,0.05009266440635696,0.014232187963803322,4.341112979025163
Initial conditions,61,104.61141610299697,True,Social protection policy,Infrastructure investment,0.7722025484072642,True,0.04373621015257144,0.09333006585050863,0.04432593106991889,0.015420738613572502,4.6813777296889105
Initial conditions,62,76.23528699804399,True,Social protection policy,Social protection policy,0.7865750675246094,True,0.037251170408545184,0.07748902714967515,0.04029636833019312,0.01259370095003988,3.8227175089513636
Initial conditions,63,98.1572082323614,True,Social protection policy,Infrastructure investment,0.8112683761403681,True,0.050184670851441016,0.1092243687800789,0.053996907107382475,0.012425072092582173,3.7839033456301414
Initial conditions,64,113.21559907968086,True,Social protection policy,Social protection policy,0.823824922136703,True,0.04880419129742331,0.10458063056634526,0.05342201831641691,0.01281202065821943,3.900114382819071
Initial conditions,65,99.2205496664507,True,Social protection policy,Social protection policy,0.8444082381639426,True,0.0455336603820125,0.09909724016388988,0.04956050477390084,0.010710066399253051,3.246680346426262
Initial conditions,66,97.24753843353668,True,Social protection policy,Infrastructure investment,0.7625430740302354,True,0.042357094359017876,0.088550898652351,0.04503087029170716,0.014668061312504435,4.467082188826339
Initial conditions,67,90.48535664887552,True,Social protection policy,Social protection policy,0.8549295982534222,True,0.04170546779309264,0.09065108992634674,0.04602315295712267,0.009294894392354848,2.817656255757749
Initial conditions,68,98.85038248945705,True,Social protection policy,Social protection policy,0.7948017777471488,True,0.04420152241330794,0.09196791242100621,0.04885827019746247,0.013879145828109118,4.220166296052371
Initial conditions,69,104.0625178222074,True,Social protection policy,Social protection policy,0.8466251961134501,True,0.04674176722504605,0.10231720442695236,0.05049962156284893,0.010779359297859906,3.279986321470766
Initial conditions,70,116.67194446491877,True,Social protection policy,Infrastructure investment,0.8103059053810105,True,0.050265338613235004,0.10990098076215882,0.05213420148773684,0.013893502896426851,4.215511999500291
Initial conditions,71,102.57642577602178,True,Social protection policy,Infrastructure investment,0.8001909179019104,True,0.05186480883934549,0.11456436274277348,0.05327237839615284,0.013690089798782876,4.169837743619643
Initial conditions,72,136.5326828120049,True,Social protection policy,Infrastructure investment,0.8162551178171048,True,0.05885502226771341,0.13172870787519397,0.05944261000170248,0.014821260060100497,4.50765118707927
Initial conditions,73,115.68121030386149,True,Social protection policy,Social protection policy,0.819328522476702,True,0.04868088070889452,0.1029049627710742,0.05442137437956729,0.013056745330489353,3.9554291159081494
Initial conditions,74,79.08834532676562,True,Social protection policy,Infrastructure investment,0.831848355258351,True,0.041987574342319436,0.08953328910302416,0.047746299082257804,0.00967692201283607,2.9414890292630624
Initial conditions,75,78.22402947667517,True,Social protection policy,Infrastructure investment,0.7726004925008286,True,0.041452447196257,0.08943805741799632,0.04214088653225567,0.013504621236647502,4.09089572525422
Initial conditions,76,86.23353235680761,True,Social protection policy,Infrastructure investment,0.843567168973963,True,0.05014301332839799,0.11237861886938061,0.05312460559401755,0.009997322185994806,3.024843503253515
Initial conditions,77,101.5506538851346,True,Social protection policy,Infrastructure investment,0.8654996520400813,True,0.05117765732447612,0.11759386076598,0.051817466173004756,0.009710473696681689,2.9347579527512644
Initial conditions,78,89.18433079878625,True,Infrastructure investment,Infrastructure investment,0.8355184136562088,True,0.05142258959218856,0.11551759711598342,0.053728067257489354,0.010733399199187192,3.2399114307977794
Initial conditions,79,81.08551425687617,True,Social protection policy,Social protection policy,0.8109856537603232,True,0.034516482639877125,0.06965704072827611,0.0400266030237002,0.011124045487593638,3.3862363532860082
Initial conditions,80,66.85820319103064,True,Social protection policy,Infrastructure investment,0.8405449247146058,True,0.04144022824237102,0.0918863019028458,0.0442688099953909,0.00888568695006188,2.6921565922602078
Initial conditions,81,124.84149476657825,True,Social protection policy,Infrastructure investment,0.8439724430286741,True,0.05614806490262425,0.124647815716175,0.05988819873754736,0.011982212705462507,3.6277313367612654
Initial conditions,82,89.69270405967964,True,Social protection policy,Social protection policy,0.7619856738896492,True,0.039775057990973715,0.07917909750673818,0.045770616051769575,0.014262989409900256,4.3296222934039745
Initial conditions,83,89.07582110684163,True,Social protection policy,Social protection policy,0.8301969306602413,True,0.04276113295346316,0.09205085681836866,0.046719672638721454,0.01089343588003095,3.300120466696847
Initial conditions,84,94.23093469917133,True,Social protection policy,Social protection policy,0.7901779609960873,True,0.04101947375073996,0.08384171330320528,0.04660303069216698,0.013123414132217598,4.003434668969605
Initial conditions,85,109.66119309238144,True,Social protection policy,Infrastructure investment,0.8626699309302166,True,0.05369265469051943,0.11970044048005146,0.058208029717974785,0.010015821218791778,3.0168439488338508
Initial conditions,86,89.88266172237228,True,Social protection policy,Infrastructure investment,0.8295409940726846,True,0.04909515229131358,0.10846948871589857,0.05251065820261991,0.010852886101079068,3.2760265904086525
Initial conditions,87,121.69654268270479,True,Social protection policy,Infrastructure investment,0.8281859769873676,True,0.05540053641089019,0.12461187762643144,0.05604466788324136,0.013245331928442863,4.044650136035036
Initial conditions,88,121.13793879329054,True,Social protection policy,Infrastructure investment,0.8184157803039791,True,0.05278280349300373,0.11569495319220513,0.05522087046437807,0.013823988568929843,4.192283350874699
Initial conditions,89,111.69470666361858,True,Social protection policy,Infrastructure investment,0.8700860770984987,True,0.0568375079554761,0.13355676303059816,0.05543452525019932,0.009939989563368896,2.9957567188092793
Initial conditions,90,103.53564189910274,True,Social protection policy,Infrastructure investment,0.8509478507499717,True,0.05166591140374689,0.11578388073187784,0.05409706819779858,0.010949740983437699,3.301381386078946
Initial conditions,91,113.92044196368437,True,Social protection policy,Social protection policy,0.7985877900660121,True,0.04643603421182842,0.09690239140087298,0.051453739773778207,0.014169988566748296,4.300520283987703
Initial conditions,92,63.600704440479774,True,Social protection policy,Infrastructure investment,0.7958200454582744,True,0.03862387342563205,0.08181620276647528,0.04240378511955284,0.010963569103684054,3.309367850305765
Initial conditions,93,86.32825928890226,True,Social protection policy,Infrastructure investment,0.8544025936312325,True,0.04922057011604392,0.11129871000948155,0.051606997615078365,0.009366287781593832,2.8352949343464404
Initial conditions,94,85.95966219723198,True,Social protection policy,Social protection policy,0.8340357100292843,True,0.03956936695394675,0.08132330167911228,0.04655250864579863,0.010616974013902727,3.210098527890424
Initial conditions,95,77.88550785143113,True,Social protection policy,Infrastructure investment,0.7554190926970819,True,0.03625745975185709,0.07317629755892069,0.04039933056485434,0.01332548100772478,4.050603944147362
Initial conditions,96,90.94097479445023,True,Social protection policy,Social protection policy,0.8298031767779889,True,0.04474713733127228,0.10004495421002713,0.04512755456214157,0.011442471887284283,3.476075626217552
Initial conditions,97,76.13597098716653,True,Social protection policy,Social protection policy,0.8029584110318638,True,0.03471498355858032,0.07116739751354739,0.03888075297218241,0.011454291969301311,3.4616114963207885
Initial conditions,98,81.89319385718757,True,Social protection policy,Social protection policy,0.7464196052224813,True,0.0362277492981099,0.07068006027817492,0.04178455478632881,0.01433250747888093,4.367172959419593
Initial conditions,99,58.91033438157696,True,Social protection policy,Infrastructure investment,0.8297401516476038,True,0.03722905475501887,0.0801272884417214,0.041166195774215986,0.009008207426628681,2.7280237865027144
Initial conditions,100,128.34027603272298,True,Social protection policy,Infrastructure investment,0.8455149634645196,True,0.0587452786844496,0.13199902342602066,0.06131229733678378,0.012297154632769161,3.746563736340032
